,Target Molecules,Improved Molecules
0,O=C([O-])[C@@H]1CC2=c3ccccc3=[NH+][C@H]2[C@H](C(=O)[O-])[NH2+]1,O=C([O-])[C@@H]1CC2=C(c3ccccc3Br)C[C@H]2[C@H]1C(=O)[O-]
1,O=[N+]([O-])c1ccc2c(c1)=[NH+][C@@H](CS[C@H]1[NH+]=c3ccc(Br)cc3=[NH+]1)[NH+]=2,O=[N+]([O-])c1ccc2cc(Br)ccc2c1
2,C[C@@H]1[NH2+]CC[C@@H]1C(=O)N1CCC[NH+](CC(=O)[O-])CC1,C[C@@H]1[NH2+]CC[C@@H]1C(=O)N1CCC(CC(=O)c2ccc(Cl)cc2)CC1
3,CN1CC[NH+](C)CCN(C)CC[NH+](C)CCN(C)CC[NH+](C)CC1,CN1CCc2ccccc2CCN(C)CC[NH+](C)CCN(C)CC1
4,O=C([O-])C1[NH+]=c2ccccc2=[NH+]1,O=C([O-])C1c2ccccc2C1
5,C[NH+]1CCC[C@@](C[NH3+])(N2CC[NH+]3CCC[C@@H]3C2)CC1,C[C@@H](Cc1cccc(Cl)c1)C1(N2CC[NH+]3CCC[C@@H]3C2)CCCC1
6,C[C@H]1[NH+]=c2ccc(C(=O)[O-])cc2=[NH+]1,C[C@H]1CCC(C)c2ccc(C(=O)[O-])cc21
7,O=C([O-])C(O)(C(=O)[O-])C(=O)[O-],O=C([O-])C(O)(C(=O)[O-])C(=O)c1cc(Br)ccc1Br
8,[NH3+][C@@H](COP(=O)([O-])[O-])C(=O)[O-],[NH3+][C@@H](COP(=O)([O-])[O-])C(=O)c1c(Cl)cc(Cl)cc1Cl
9,C[C@@H]([C@@H](C)C(=O)[O-])[NH+]1CCNC[C@@H]1C(=O)[O-],C[C@@H]([C@@H](C)C(=O)[O-])[NH+]1CCNC[C@@H]1C(=O)c1ccccc1-c1ccccc1
10,Cc1nc(N2C[C@H](O)[C@@H]([NH+](C)C)C2)c2c([nH+]1)CC[NH2+]CC2,Cc1nc(N2C[C@H](O)[C@@H](c3ccccc3)CC2)c2c([nH+]1)CCCC2
11,O=C(NCCC1=c2ccccc2=[NH+]C1)[C@@H]1N[C@@H](CC2=c3ccccc3=[NH+]C2)NO1,O=C(NCCC1=c2ccccc2=[NH+]C1)Nc1cc2c(cc1C1CCCC1)c1ccccc1O2
12,C[NH+]1[C@H]2CC[C@@H]1CN(S(=O)(=O)N1CC[NH2+]CC1)CC2,COc1ccc(Cl)cc1[C@H]1CCCN(S(=O)(=O)N2CC[NH2+]CC2)C1
13,C[NH+](C)CC[C@](O)(P(=O)([O-])[O-])[P@@](=O)([O-])O,CCC(C)(C)CC[C@](O)(P(=O)([O-])[O-])[P@@](C)(O)=O
14,N[C@@H](C[NH+](CCO)CCO)C(=O)[O-],C[C@@H](C[NH+](CCO)CCO)C(=O)c1ccc(Cl)cc1
15,c1cc(CSC2[NH+]=c3ccccc3=[NH+]2)nc(CSC2[NH+]=c3ccccc3=[NH+]2)c1,c1cc(CSC2Sc3ccccc3N=C2c2ccccc2)nc(CSc2cccs2)c1
16,O=C([O-])CN1CC[NH+](CC(=O)[O-])CC1,O=C([O-])CN1CC[NH+](CC(=O)c2cccc(-c3cc(Cl)ccc3Cl)c2)CC1
17,C[NH+]1CCN(Cc2[nH]cc[nH+]2)C[C@@]12CCC(=O)N(CC(=O)[O-])CC2,C[C@H]1CCN(Cc2[nH]cc[nH+]2)C[C@@]12CCC(=O)N(CC(=O)c1cc(Cl)ccc1Br)C2
18,O=[N+]([O-])C12CN3CCN(C[NH+](C3)C1)C2,O=[N+]([O-])C12CN3CC(CC3)(C1)C2
19,C[NH+]1CC[C@H](C[NH+](CC(=O)[O-])C2CC2)C1,C[NH+]1CC[C@H](C[NH+](CC(=O)Nc2cccc(-c3ccccc3Br)c2)C2CC2)C1
20,C[NH2+]C[C@@H](C)C(=O)N1CC[NH+](CC(=O)[O-])CC1,CC(C)CCC[C@@H](C)C(=O)N1CC[NH+](CC(=O)c2ccccc2Br)CC1
21,C=CC[NH+]1C[C@@H](C(=O)[O-])C2(CC[NH+](C)CC2)C1,C=CC[NH+]1C[C@@H](C(=O)c2ccccc2Cl)C2(CCCC2)C1
22,[NH3+][C@H](CC1=c2cccc(O)c2=[NH+]C1)C(=O)[O-],c1ccc([C@H](CC2=c3cccc(O)c3=[NH+]C2)C(=O)c2ccc(Cl)cc2)cc1
23,C[NH+]1CCC[C@@H](C[NH2+]CC(=O)[O-])C1,C[NH+]1CCC[C@@H](C[NH2+]CC(=O)c2ccccc2-c2cccc(Cl)c2)C1
24,C[NH+]1CCN(C[C@@H]([NH3+])CC2=c3ccccc3=[NH+]C2)CC1,C[NH+]1CCN(C[C@@H](c2ccccc2Cl)c2ccccc2Cl)CC1
25,CC[NH+]1CCC2=c3ccccc3=[NH+][C@H]2[C@@H]1c1c([O-])[nH]c(=O)[nH]c1=O,CCN(CC)c1csc(-c2ccccc2)c1[C@@H]1C[C@@H]1c1c([O-])[nH]c(=O)[nH]c1=O
26,[NH3+][C@H]1C=C[C@H](C(=O)N2CC[NH+](CC(=O)[O-])CC2)C1,[NH3+][C@H]1C=C[C@H](C(=O)N2CCC(C(=O)c3ccc(Cl)cc3Cl)CC2)C1
27,C[NH+](C[C@H]1CCC[NH+]1CC(=O)[O-])C1CC1,C[NH+](C[C@H]1CCC[NH+]1CC(=O)Nc1ccccc1-c1ccc(Cl)cc1)C1CC1
28,C[NH2+][C@@]1(C(=O)[O-])CC[C@H](N2CCC[NH+]3CCC[C@@H]3C2)C1,C[NH2+][C@@]1(C(=O)[O-])CC[C@H](N2CCC(c3ccc(Cl)cc3Cl)CC2)C1
29,C[NH2+][C@]1(C(=O)[O-])CC[C@H](N2CCC[NH+]3CCC[C@@H]3C2)C1,C[C@]1([C@]2(Nc3ccccc3)CC[C@H](N3CCC[NH+]4CCC[C@@H]4C3)C2)CCCCC1
30,CNC(=O)NC1=N[NH+]=CN[C@@H]1C(=O)[O-],CNC(=O)NC1=N[NH+]=CN[C@@H]1C(=O)N(c1ccccc1)c1ccc(Cl)cc1
31,C[NH+]1CCC[C@H](c2nnc3n2CC[NH+](CC(N)=O)CC3)C1,C[C@H]1CCC[C@H](c2nnc3n2CCCC3)C1
32,O=C([O-])c1ccc2c(c1)=[NH+][C@H](C(F)(F)F)[NH+]=2,O=C([O-])c1ccc2c(Cl)ccc(C(F)(F)F)c2c1
33,C[NH+]1CCC(C[NH+](C)[C@H]2CC[C@](N)(C(=O)[O-])C2)CC1,C[NH+]1CCC(C[C@H](C)[C@H]2CC[C@](N)(C(=O)c3ccc(Cl)c(Cl)c3)C2)CC1
34,CN1C(=O)[C@H]([C@H]2[C@@H]3[NH+]=c4ccccc4=C3CC[NH+]2C)[C@H](O)N(C)C1=O,CN1C(=O)[C@H]([C@H]2[C@@H]3c4ccccc4CC[C@@H]3C2=O)[C@@H](C(C)C)N(C)C1=O
35,C[NH+]1CC[C@@H](C[NH2+]CC2CC[NH2+]CC2)C1,C[C@H]1CC[C@@H](C[NH2+]CC2CC2)CC1
36,CC[NH+]1CCC[C@@H]1C[NH+](C)CCC(=O)[O-],CC[NH+]1CCC[C@@H]1C[NH+](C)CCC(=O)N(c1ccc(F)cc1Cl)c1ccccc1
37,[NH3+]C[C@@H]1CC[C@@H](C(=O)N(CC(=O)[O-])CC(=O)[O-])O1,[NH3+]C[C@@H]1CC[C@@H](C(=O)N(CC(=O)OC(C)C)Cc2ccccc2)O1
38,C[NH+]1CCN(C[C@H]2C[NH+]3CC[C@H]2C[C@@H]3CNS(C)(=O)=O)CC1,CN(C)C1CCN(C[C@H]2C[C@H]3CC[C@H]2C[C@@H]3CNS(C)(=O)=O)CC1
39,C[C@@H]1C[C@H]([NH3+])C[NH+](CCC(=O)[O-])C1,C[C@@H]1C[C@H]([NH3+])C[NH+](CCC(=O)c2ccc(-c3ccccc3)cc2)C1
40,CN1C(=O)[C@@H]2[C@H]([NH+]=CN2[C@H]2O[C@@H](CO)[C@@H](O)[C@@H]2O)N(C)C1=O,CN1C(=O)[C@@H]2[C@H](c3cc(Br)ccc3Cl)O[C@@H](CO)[C@@H](O)[C@@H]2N(C)C1=O
41,O=S1(=O)C[C@H](O)[C@@H]([NH+]2C[C@H](O)[C@H](O)C2)C1,O=S1(=O)C[C@H](O)[C@@H](C2CC2)C1
42,C[NH2+][C@@]1(C(=O)[O-])CC[C@H](N2CC[NH+](C)CC2)C1,CC(C)CC[C@@]1(C(=O)[O-])CC[C@H](N2CCCC2)C1
43,[NH3+]CCC1=c2cc([N+](=O)[O-])ccc2=[NH+][C@H]1C(=O)[O-],[NH3+]CCc1cc2ccc([N+](=O)[O-])cc2cc1
44,CC(C)(C)[NH+](CC(=O)[O-])[C@@H]1C[NH+]2CCC1CC2,CC(C)(C)[NH+](CC(=O)[O-])[C@@H]1CCC[C@H]1c1ccc(Cl)c(Cl)c1
45,C[NH2+][C@H](Cc1ncnn1C)[C@H]1C[NH+]2CCN1CC2,C[NH2+][C@H](Cc1ncnn1C)[C@H]1CCCN(c2ccccc2Cl)C1
46,c1ccc2c(c1)OCC[NH+]1CCOCCOCC[NH+](CCOCCOCC1)CCO2,c1ccc2c(c1)OC1(CCC1)CCOCCOCCO2
47,CC[NH+]1CCC[C@@H]1CN(C)C[C@H]([NH3+])C(=O)[O-],CC[NH+]1CCC[C@@H]1CN(C)C[C@H](c1cc(Cl)ccc1Br)C(C)C
48,C[C@@H]1C[NH+]2CCC[C@@H]2CN1C1(C[NH3+])CC[NH+](C)CC1,C[C@@H]1C[NH+]2CCC[C@@H]2CN1C1(Cc2ccc(Cl)c(C(F)(F)F)c2)CCCC1
49,CCOc1ccc2c(c1)=[NH+][C@H](SCC(=O)[O-])[NH+]=2,CCOc1ccc2cc([C@@H]3C[C@H](SCC(=O)[O-])S3)ccc2c1
50,C/[NH+]=C(/NCC1([NH+](C)C)CCOCC1)N1CC[C@@H]([NH+]2CCCC2)C1,C/[C@H]=C(/NCC1([NH+](C)C)CCOCC1)c1sc(C2CCCCC2)cc1C1CC1
51,COc1cc([N+](=O)[O-])cc2c1=[NH+][C@H](C(=O)[O-])C=2CC[NH3+],COc1cc([N+](=O)[O-])cc2ccc(C(=O)[O-])c(Br)c12
52,CCC([NH3+])(CC)C(=O)N1CCC[NH+](CC(=O)[O-])CC1,CCC([NH3+])(CC)C(=O)N1CCC(CC(=O)c2ccccc2)CC1
53,O=C1OCCN1CCN1C=[NH+][C@H](c2ccccc2)[C@H]1[C@@H]1[NH+]=c2ccc(F)cc2=[NH+]1,O=C1OCCN1CCn1cc(/C=C/c2cc(F)ccc2Cl)cc1-c1ccccc1
54,CC[NH+]1CC[NH2+][C@H](C(=O)NC)C1,CC[NH+]1CC[NH2+][C@H](C(=O)Nc2cccc3cc(Cl)ccc23)C1
55,CCC[C@]12CN3CC[NH+](C[C@H](C3)[C@H]1O)C2,CCC[C@]12CN3CC[C@@H]([C@H](C3)[C@H]1C)CC2
56,C[C@H](C(=O)[O-])[C@@H](C)[NH+](C)CCC[NH+](C)C,C[C@H](C(=O)[O-])[C@@H](C)[NH+](C)CCCc1cc(Cl)c(Cl)c(Cl)c1
57,O=C(NCCC1[NH+]=c2ccccc2=[NH+]1)[C@H]1C[C@H](C2CC2)N([C@@H]2CCS(=O)(=O)C2)N1,O=C(NCCC1C[C@@H]2CCCC[C@@H]2C1)[C@H]1C[C@H](C2CC2)N(c2ccccc2)C(=O)N1
58,CC[NH+](CC)CC[NH+]1CC[C@@H](C(=O)[O-])[C@@H]1C,CC[NH+](CC)CC[NH+]1CC[C@@H](C(=O)Nc2cc(C)cc(-c3ccccc3)c2)[C@H]1C
59,CC[C@H](C)N1C(N)=[NH+]C[C@@]12C[NH+]1CCC2CC1,CC[C@H](C)N1C(N)=[NH+]C[C@@]12CCCC[C@@H]2c1ccc(Cl)cc1Cl
60,C1COC[C@H](c2nc([C@@H]3C[NH+]4CCN3CC4)no2)[NH2+]1,C1COC[C@H](c2nc([C@@H]3C[C@H]4CCN3CC4)no2)C1
61,C[NH2+][C@H]([C@@H]1CCOC1)[C@@H]1C[NH+]2CCN1CC2,C[NH2+][C@H]([C@@H]1CCOC1)[C@@H]1CCCCC1(C)C1CC1
62,[NH3+][C@@H](CCC1=c2ccccc2=[NH+]C1)C(=O)[O-],CC(C)C[C@@H](CCC1=c2ccccc2=[NH+]C1)C(=O)Nc1cc(C)ccc1C
63,[NH3+][C@H](CC[S@@](=O)[O-])C(=O)[O-],[NH3+][C@H](CC[S@@](=O)[O-])C(=O)c1ccc(Cl)c(Cl)c1
64,O=C([O-])CC[NH2+][C@H]1CS(=O)(=O)C[C@H]1O,O=C([O-])CC[C@H]([C@H]1CS(=O)(=O)C[C@H]1O)c1ccc(Cl)cc1
65,CN(C[C@@H]1CCC[NH+]1C)S(=O)(=O)N1CCC[NH2+]CC1,CN(C[C@@H]1CCC[NH+]1C)S(=O)(=O)N1CCC(N(c2ccccc2Cl)c2cccs2)CC1
66,CN1C(=S)S[C@@H](C2[NH+]=c3ccccc3=[NH+]2)[C@@H]1N,CN1C(=S)S[C@@H](c2ccccc2Br)[C@@H]1N
67,C[NH+]1[C@H]2CC[C@@H]1CN(S(=O)(=O)C[C@@H]1CCC[NH2+]C1)CC2,C[NH+]1[C@H]2CC[C@@H]1CN(S(=O)(=O)Cc1cc(C3CCCC3)ccc1-c1ccccc1)CC2
68,Cc1[nH+]cc(CO)c([C@H]2[NH2+][C@@H](C(=O)[O-])Cc3[nH]cnc32)c1[O-],Cc1cccc(COc2ccc([C@H]3[NH2+][C@@H](C(=O)[O-])Cc4[nH]cnc43)c(F)c2)c1
69,O=C1C[C@@H]([NH+]2C[C@H](O)[C@H](O)C2)C(=O)N1,O=C1C[C@@H]([NH+]2C[C@H](O)[C@H](O)C2)c2ccc(-c3ccc(Br)s3)cc2N1
70,C1COCC[NH+](CC[C@H]2C[NH2+]CCO2)C1,C1CCC[C@@H](CC[C@H]2C[NH2+]CCO2)C1
71,CCNC(=O)N1CCN2NC([C@@H]3[NH+]=c4ccc(OC)cc4=[NH+]3)=C[C@@H]2C1,CCNC(=O)N1CCN2/C(=C/c3ccccc3C)c3ccc(OC)cc3[C@@H]2C1
72,CC[C@@H](CC[NH3+])[NH+]1CCN(CC[NH+](C)C)CC1,CC[C@@H](CC[NH3+])[NH+]1CCN(CCc2ccc(-c3cccs3)cc2)CC1
73,C[C@@H](O)[C@H](O)C1=N[C@H]2C(=O)N=C([NH-])NC2=[NH+]C1,C[C@@H](O)[C@H](O)C1=N[C@H]2C(=O)N=C([NH-])NC2=C1Nc1ccccc1Cl
74,C[NH2+][C@@H](CN(C)C[C@@H]1CCC[NH+]1C)C(N)=O,CC(C)CC[C@@H](CN(C)C[C@@H]1CCC[NH+]1C)C(C)(C)C
75,O=C1[NH+]=c2ccccc2=[NH+][C@@H]1N1CCOCC1,O=C1c2c(scc2-c2ccccc2)CC[C@@H]1N1CCOCC1
76,CC[C@@](C)([NH3+])C(=O)N1CC[NH+]([C@H](C)C(=O)[O-])CC1,CC[C@@](C)([NH3+])C(=O)N1CCC(C(=O)c2cccc(C(C)C)c2)CC1
77,CC[C@](C)([NH3+])C(=O)N1CC[NH+]([C@H](C)C(=O)[O-])CC1,CC[C@](C)([NH3+])C(=O)N1CCC(C(C)(C)CC(C)C)CC1
78,CN[C@]1(C(N)=O)CC[C@H]([NH+]2CCN(CC[NH+](C)C)CC2)C1,CC[C@]1(C(N)=O)CC[C@H]([NH+]2CCN(Cc3cc(C(C)C)ccc3C)CC2)C1
79,COC(=O)[C@@H]1[NH+]=c2ccccc2=C1NC(=O)C[NH+]1CCCC[C@@H]1CCO,COC(=O)[C@@H]1SN(c2cc3ccccc3cc2NC(=O)C[NH+]2CCCC[C@@H]2CC)c2ccccc21
80,Fc1ccc2c(c1)=C1N=NC([S-])=[NH+][C@H]1[NH+]=2,Fc1cccc(CCC2=C3N=NC([S-])=[NH+][C@H]3S2)c1
81,C[NH+]1CC[C@@H](NC(=O)c2nnn[n-]2)C1,C[NH+]1CC[C@@H](NC(=O)c2cc(Br)ccc2Cl)C1
82,C[C@@H]1CC[NH+]1[C@@H](CO)C(=O)[O-],C[C@@H]1CC[NH+]1[C@@H](CO)C(=O)c1cc(Cl)c(Cl)cc1Cl
83,COC(=O)[C@H]1[NH+]=c2ccc(C)cc2=C1NC(=O)C[NH+]1CCC(=O)CC1,COC(C)(C)c1c(/C=C\c2cccc(C)c2)cc(NC(=O)C[NH+]2CCC(=O)CC2)cc1Br
84,C[NH+]1CC[C@@H](NCC(=O)[O-])C1,CC(C)C1CC[C@@H](NCC(=O)[O-])CC1
85,O=C([O-])[C@H]1C[C@@H]2N=CN=C2C[NH2+]1,CCCC(=O)[C@@H]1C[C@@H]2N=CN=C2C1
86,C[NH2+]CCC(=O)N1Cc2[nH+]c[nH]c2C[C@H]1C(=O)[O-],Cc1csc(CCC(=O)N2Cc3[nH+]c[nH]c3C[C@H]2C(=O)c2ccc(C)cc2)c1
87,O=C([O-])C[C@@H](O)[C@@H](O)C(=O)[O-],O=C([O-])C[C@@H](O)[C@@H](O)C(=O)c1cc(Br)ccc1Br
88,[NH3+][C@H]([C@@H]1C[NH+]2CCN1CC2)[C@@H]1CCO[C@@]2(CCOC2)C1,c1ccc([C@H]([C@@H]2C[C@H]3CCN2CC3)[C@@H]2CCO[C@@]3(CCOC3)C2)cc1
89,C[NH+]1CCN(C(=O)CN2C[C@H]3C[NH2+]CCN3C2=O)CC1,C[C@H]1CCN(C(=O)CN2C[C@H]3[C@H](C)CN3C2=O)CC1
90,Cc1ccc2c(c1C)=[NH+][C@@H](C[NH2+]C(C)(C)CN1CCOCC1)[NH+]=2,Cc1ccc2c(c1C)-c1ccc(Cl)cc1C(=O)N2C(C)(C)CN1CCOCC1
91,CC(C)N1C(N)=[NH+]C[C@@]12CC[NH+](C1CC1)C2,CC(C)N1C(N)=[NH+]C[C@@]12CC(c1cc(C3CC3)ccc1Br)C2
92,CN1CC[NH+](C)C[C@H]1C[NH2+]Cc1ccc(C(=O)[O-])cn1,CN1CC[NH+](C)C[C@H]1CCCCNC(=O)c1ccc(Br)cc1
93,Nc1ncccc1C[NH+]1CC2(CC[NH2+]CC2)C[C@H]1C(=O)[O-],Nc1ncccc1C[C@H]1CC2(CCCCC2)C1
94,C=CCN1C(N)=[NH+]C[C@@]12CCC[NH+](C(C)C)CC2,C=CCN1C(N)=C(C)CC[C@@]12CCC[C@H](C(C)C)C2
95,COc1ccc(S(=O)(=O)NC[C@H]2CCC[NH+](CC3[NH+]=c4ccccc4=[NH+]3)C2)cc1,COc1ccc(S(=O)(=O)NC[C@H]2CCCN(c3ccccc3Nc3cccc4ccc(Cl)cc34)C2)cc1
96,O=C([O-])[C@@]1([NH2+]C2CC2)CC[C@@H](N2CC[NH+]3CCC[C@@H]3C2)C1,O=C(c1ccccc1)C1([NH2+]C2CC2)CC[C@@H](N2CC[C@H]3CCC[C@@H]3C2)C1
97,CC[NH+]1CCN(CC(=O)NC2=c3c(C)cccc3=[NH+][C@@H]2C(=O)OC)CC1,CC[C@H]1CCN(CC(=O)Nc2cccc(C)c2C)CC1
98,C[NH2+]C[C@@H](C)C(=O)N1CCC([NH+]2CCC[C@@H]2C(=O)[O-])CC1,CC(C)CCC[C@@H](C)C(=O)N1CCC([NH+]2CCC[C@@H]2C(=O)c2ccc(C(C)C)cc2)CC1
99,C1CCO[C@H]([C@H]2C[NH2+]CCCCO2)C[NH2+]C1,C1CCO[C@H]([C@H]2CCCCO2)C1
100,O[C@@]1(C[NH2+]Cc2cn3c(n2)SCC3)C[NH2+]CCOC1,O[C@@]1(Cc2ccc(Cc3cn4c(n3)SCC4)cc2)CCOCC1
101,CCC[NH2+][C@@]1(C(=O)[O-])CC[C@@H](N2CC[NH+](C)CC2)C1,CCC[NH2+][C@@]1(C(=O)OCC)CCC[C@@H](N2CCC(CC)CC2)C1
102,C[C@H](CCn1cncn1)[NH2+]C[C@@H]1C[NH+]2CCN1CC2,C[C@H](CCn1cncn1)N1CCC(C(C)C)CC1
103,NC(=O)C[C@H](NC(=O)[C@@H]1CCC[NH2+]1)C(=O)[O-],NC(=O)C[C@H](NC(=O)[C@H]1CCCCC1)C(=O)N(C)C
104,NC(=S)N[C@H]1[C@H]2CN3CC[NH+](C2)C[C@@]1(c1ccccc1)C3,NC(=S)N[C@H]1[C@H]2CC=CCC[C@@H]2CC[C@@]1(c1ccccc1)C1CC1
105,C=CCN1C(N)=[NH+]CC12CC[NH+](C)CC2,C=CCN1C(N)=C(C)CCC12CCC2
106,O=C([O-])C(=O)N1CC[NH+]2CCC[C@H]2C1,O=C(c1cn(C(=O)N2CC[NH+]3CCC[C@H]3C2)cc1Br)c1ccccc1
107,C[C@H](CC[NH+](C)C)[NH2+][C@H](C)[C@@H](C)C(=O)[O-],C[C@H](CC[NH+](C)C)[NH2+][C@H](C)[C@@H](C)C(=O)c1ccccc1-c1ccccc1
108,CCC[NH2+][C@H](C)[C@@H]1C[NH+]2CCN1CC2,CCC[NH2+][C@H](C)[C@@H]1CCN(C2CCC2)CC1
109,C[C@H](C(=O)[O-])[C@H](C)[NH+]1CC[C@H]([NH+]2CCCCC2)C1,C[C@H](C(=O)[O-])[C@H](C)[C@H]1CCCCC1
110,C[NH+]1CC[C@H](C[NH+](C)CC[C@@H]2CCC[C@@H]2[NH3+])C1,C[C@H]1CC[C@H](C[NH+](C)CC[C@@H]2CCC[C@@H]2c2ccccc2)C1
111,CCOC(=O)CN1C(=S)S[C@H](C2[NH+]=c3ccccc3=[NH+]2)[C@H]1N,CCOC(=O)CN1C(=S)S[C@H](c2ccc(Cl)cc2)[C@@H]1c1ccccc1Br
112,C[C@@H]1O[C@@H](c2ccccc2Cl)N[C@H]1C[NH+](C)C[C@@H]1[NH+]=c2ccc(F)cc2=[NH+]1,C[C@@H]1O[C@@H](c2ccccc2Cl)N[C@H](Cc2ccccc2)[C@@H]1c1cc(-c2ccc(F)cc2)cs1
113,O=C(CS[C@@H]1N[NH+]=C(N2CCOCC2)N1C[C@H]1CCCO1)C1=c2ccccc2=[NH+]C1,O=C(CSc1ccccc1)Nc1ccc(N2CCOCC2)c(C[C@H]2CCCO2)c1
114,C[C@@H]([C@@H](C)O)[NH+]1CCOC[C@@H]1C(=O)[O-],C[C@@H]([C@@H](C)O)[NH+]1CCOC[C@@H]1C(=O)c1ccccc1Oc1ccccc1
115,COc1ccc(C[NH+]2C[C@@H]3CC[C@H](C2)N(CC(=O)N2CC[NH2+]CC2)C3)cc1,COc1ccc(CC(=O)N2CCC[C@@H](C(=O)C3CCCCC3)C2)cc1
116,C[C@H]1[C@@H](C(=O)[O-])CC[NH+]1CCO,C[C@H]1[C@@H](C(=O)[O-])CC[NH+]1CCC(c1cccc(Cl)c1)C(C)C
117,O=C([O-])C[C@@H]1CN(C(=O)[C@H]2C[C@H](O)C[NH2+]2)CCO1,O=C([O-])C[C@@H]1CN(C(=O)[C@H]2C[C@H](c3ccc(Cl)cc3Cl)C2)CCO1
118,O=C1NCCCC[C@@H]1[NH+]1C[C@H](O)[C@H](O)C1,O=C1NCCCC[C@@H]1C1CCC1
119,CC[NH+]1CCC[C@@H]1C[NH+](C)Cc1cc(C[NH3+])no1,CC[NH+]1CCC[C@@H]1Cc1cccc(CCc2cc(C)no2)c1
120,O=C(C[C@H]1[NH+]=NC(=O)c2ccccc21)N[C@@H](CC1=c2ccccc2=[NH+]C1)C(=O)[O-],O=C(C[C@H]1[NH+]=NC(=O)c2ccccc21)Nc1cccc(Cl)c1-c1ccc(-c2ccccc2)cc1
121,CCN[C@@]1(C(=O)[O-])CC[C@H]([NH+]2CCC(C[NH+](C)C)CC2)C1,CCN[C@@]1(C(=O)[O-])CC[C@H]([C@H]2CCC[C@H](C(C)(C)C)C2)C1
122,O=C(NCCC[NH+]1CCCC1)[C@@H]1C[C@H](O)C[NH2+]1,O=C(NCCC[NH+]1CCCC1)[C@@H]1C[C@H](c2cc(Cl)c(Cl)cc2Cl)C1
123,C[NH2+][C@]1(C(=O)[O-])CCC[C@H]([NH+](C)C2CC2)C1,C[NH2+][C@]1(C(=O)[O-])CCC[C@H](c2ccc(C3CCCC3)cc2)C1
124,C[NH2+]C[C@H]1CCCC[NH+]1[C@H](C)[C@@H](C)C(=O)[O-],C[NH2+]C[C@H]1CCCC[NH+]1[C@H](C)[C@@H](C)C(=O)c1ccc(Cl)cc1Cc1ccccc1
125,CCC[NH+]1CCC[C@@]2(CC1)C[NH+]=C(N)N2C[C@@H]1CCCO1,CCC[NH+]1CCC[C@@]2(CCc3c(sc(C)c3C)N2C[C@@H]2CCCO2)C1
126,CCC[NH+]1CCC[C@]2(CC1)C[NH+]=C(N)N2C[C@@H]1CCCO1,CCC[C@H]1CCC[C@]2(CC1)C[C@@H](C)CN2C[C@@H]1CCCO1
127,CN[C@@]1(C(N)=O)CC[C@H]([NH+](C)CCC[NH+](C)C)C1,CN[C@@]1(C(N)=O)CC[C@H](SCCCC(C)C)C1
128,C[NH+]1CCO[C@](C)(C(=O)[O-])C1,C[NH+]1CCO[C@](C)(C(=O)c2cc(Cl)c(Br)cc2Cl)C1
129,CCS(=O)(=O)CCC[C@@H]([NH2+]C)[C@H]1C[NH+]2CCN1CC2,CCS(=O)(=O)CCC[C@@H](C)N1CCCC[C@H]1C(C)C
130,O=C([O-])[C@H]1CC[C@H]2CCCC[C@@H]2[NH+]1[C@@H]1C[NH+]2CCC1CC2,O=C([O-])[C@H]1CC[C@H]2CCCC[C@@H]2[C@H]1[C@@H]1CCC[C@H]1C1CC1
131,C[NH2+][C@]1(C(=O)[O-])CCC[C@@H]([NH+]2CC[C@@H](C)C2)C1,C[NH2+][C@]1(C(=O)[O-])CCC[C@@H]([C@@]2(C)CCC(c3ccccc3)C2)C1
132,CC[NH2+][C@H](CCN1C[C@@H]2CCCC[NH+]2C[C@@H]1C)C(=O)[O-],CC[NH2+][C@H](CCN1C[C@@H]2CCCC[C@H]2C[C@@H]1C)C(=O)c1ccc(Cl)cc1
133,O=C([O-])/C=C\[NH+]1[C@H]2CC[C@@H]1CC(O)C2,O=C([O-])/C=C\[C@H]1CCC[C@H](C2C[C@H](O)C2)C1
134,COCC(=O)NC[C@H]1C[C@H]2CC[NH+]1C[C@@H]2C[NH+]1CCCC1,COCC(=O)NC[C@H]1C[C@H]2CCCC[C@H]2[C@H]1C[C@H]1CCCC1
135,C[NH2+]Cc1cn(C[C@H]2C[C@H]3CC[NH+]2C[C@@H]3C(=O)N2CCC(C(N)=O)CC2)nn1,Cc1ccc(Sc2cn(C[C@H]3C[C@H]4CC[C@H]3C[C@@H]4C(=O)N3CCC(C(N)=O)CC3)nc2C)cc1
136,C1C[NH2+][C@@H](Cc2nc([C@@H]3C[NH+]4CCN3CC4)no2)C1,C1C[NH2+][C@@H](Cc2nc([C@@H]3CCCN(c4ccccc4)C3)no2)C1
137,C[NH+]1[C@H]2CC[C@@H]1CN(c1[nH+]c3c(cc1C(=O)[O-])CCC3)CC2,Cc1nc(-c2ccccc2)ccc1C1CN(c2[nH+]c3c(cc2C(=O)[O-])CCC3)CC1
138,CCN1NC(C)=C(NC(=O)C[NH+]2CC[C@H]3[NH+]=c4ccc(OC)cc4=C3C2)[C@H]1C,CCN1NC(C)=C(NC(=O)C[C@@H](C)c2ccc(NC(=O)c3cc(OC)ccc3C)cc2)[C@@H]1C
139,C[C@H]1[C@H]([NH+](CC(=O)[O-])CC(=O)[O-])C[C@@H]2C[C@H]1C2(C)C,C[C@H]1[C@H]([NH+](CC(=O)N(C)C)CC(C)(C)C)C[C@@H]2C[C@H]1C2(C)C
140,C[NH+]1CCC2(CC1)CC[NH+](C)C2,Cc1ccc2c(c1)CC1(CC[NH+](C)CC1)CC2
141,CC[C@H](NC(=O)N1CC[C@H]2CC[C@@H](C1)[NH+]2C)C(=O)[O-],CC[C@H](NC(=O)N1CC[C@H]2CCC[C@@H]2C1)C(=O)c1ccc(C)cc1
142,C[NH+]1CCN(CC[C@H]2CCC[C@@]2([NH3+])C(=O)[O-])CC1,C[NH+]1CCN(CC[C@H]2CCC[C@@]2(c2ccc(Cl)cc2Br)C2CCCC2)CC1
143,C[C@@H]1[NH2+]CC[C@@H]1C(=O)N[C@@H]1CC[NH+](C)C1,C[C@@H]1[NH2+]CC[C@@H]1C(=O)N[C@H]1CCCc2ccc(C(C)C)cc21
144,CCC[NH+]1CC2(CCN(c3ccc(C(=O)[O-])c[nH+]3)CC2)C[C@@H]1C(=O)[O-],CCC[C@H]1CC2(CCN(c3ccc(C(C)=O)cc3)CC2)C1
145,C#CC[NH+](CC(=O)[O-])[C@H](C)[C@@H](C)O,C#CC[NH+](CC(=O)c1ccsc1)[C@H](C)C(C)C
146,Cc1c[nH]c(C[NH+]2C[C@@H]3CN(S(C)(=O)=O)C[C@]3(C(=O)[O-])C2)n1,Cc1c[nH]c(C[NH+]2C[C@@H]3CN(S(C)(=O)=O)C[C@]3(C(=O)c3ccccc3)C2)c1-c1ccccc1
147,C[C@H](O)[C@H](NC(=O)N1CC[NH+]2CCC[C@@H]2C1)C(=O)[O-],C[C@H](O)[C@H](NC(=O)N1CC[C@H]2CCC[C@@H]2C1)C(=O)OC(C)(C)C
148,CC/[NH+]=C(\NCC(=O)N1CCCC1)NC[C@H]1C[NH+](C)CCN1C,CC/[NH+]=C(/NCC(=O)N1CCCC1)Nc1cc(C)cc(Cl)c1C1CCCCC1
149,CN1C(=O)[C@H]2[C@@H](N=C(Br)N2CCSC2[NH+]=c3ccccc3=[NH+]2)N(C)C1=O,CN1C(=O)[C@H]2[C@@H](N=C(Br)N2CCSC2=NC=C/c3ccccc32)N(c2ccc(Cl)cc2)C1=O
150,NC(=O)NN(CC(=O)[O-])CC(=O)[O-],NC(=O)NN(CC(=O)[O-])CC(=O)c1ccc(-c2ccsc2)cc1
151,[NH3+][C@@]1(C(=O)[O-])CCC[C@H]([NH+]2CCN3CCC[C@@H]3C2)C1,Cc1ccc(C)c(NC(=O)[C@H]2CCC[C@H]([NH+]3CCN4CCC[C@@H]4C3)C2)c1
152,CCn1cc([C@@H]2CC(=O)N[C@H]3C2=C(C)NN3C2[NH+]=c3ccccc3=[NH+]2)cn1,CCn1cc([C@@H]2CC(=O)N[C@H]3C2=C(C)N(c2ccc(Cl)cc2)[C@@H]3c2ccccc2)cn1
153,O=C([C@H]1Cc2[nH+]c[nH]c2CN1)N1CCC[NH+]2CCC[C@@H]2C1,O=C([C@H]1Cc2[nH+]c[nH]c2CN1)N1CCC(c2cc3ccccc3s2)CC1
154,C=C(C)C[C@H]([NH2+]C)[C@H]1C[NH+]2CCN1CC2,C=C(C)C[C@H]([NH2+]C)[C@@H]1CCCCC1
155,CC(=O)NCCNC(=O)C[NH+](C)CC(=O)[O-],CC(=O)NCCNC(=O)C[C@H](C)CC(=O)c1ccc(Cl)s1
156,NC(=O)C[NH+]1CCCC[C@H]1C(=O)[O-],NC(=O)C[NH+]1CCCC[C@H]1C(=O)c1ccc(-c2ccccc2)cc1
157,C[NH+](C)[C@@H]1[C@H]2OCC[C@@H]2[C@H]1[NH3+],C[NH+](C)[C@@H]1[C@H]2OCC[C@@H]2[C@H]1c1cc(Cl)c(Cl)cc1Cl
158,N#C/C(=C\[C@H]1C(=O)N2C=CC=CC2=N[C@@H]1N1CCOCC1)C1[NH+]=c2ccccc2=[NH+]1,N#C/C(=C\[C@H]1C(=O)N2C=CC=CC2=N1)c1cc(N2CCOCC2)c2c(c1)c1ccccc1-c1ccccc12
159,CNC(=O)C[NH+](C)CCn1cc(C(=O)[O-])nn1,CCOc1ccc(NC(=O)CCCn2cc(C(=O)[O-])nn2)cc1C
160,CNC(=O)C[NH+]1CC[C@@H](C(=O)[O-])[C@H]1C,CNC(=O)C[NH+]1CC[C@@H](C(=O)Nc2ccccc2-c2ccccc2)[C@H]1C
161,NC1=C(Cl)[C@H](C(=O)[O-])N=[NH+]1,NC1=C(Cl)[C@H](C(=O)Nc2ccncc2Cl)N=[NH+]1
162,C[NH2+][C@@]1(C(=O)[O-])CCC[C@H]([NH+]2CCCCCC2)C1,CC(C)(C)[C@]1(Cc2ccc(Cl)cc2)CCCC([NH+]2CCCCCC2)C1
163,C[C@H](O)[C@H](NC(=O)C[NH3+])C(=O)[O-],C[C@H](O)[C@H](NC(=O)C[NH3+])C(=O)Nc1cc(Cl)c(Cl)cc1Cl
164,C/C(CC(=O)NN1CC[NH+](C)CC1)=N\N1CC[NH+](C)CC1,C/C(CC(=O)NN1CC[NH+](C)CC1)=N\N1CCc2c(Cl)cc(-c3ccccc3)cc21
165,CN[C@@H](c1c[nH+]ccc1N)[C@@H]1C[NH+]2CCN1CC2,CN[C@@H](c1c[nH+]ccc1N)[C@@H]1CCCN(c2ccccc2)C1
166,Cc1cc([O-])nc(S[C@@]23CN4C[C@@H](C[NH+](C4)C2)C3=O)n1,Cc1cc([O-])nc(S[C@@]23CCCC[C@H]2C3)n1
167,CC[NH2+][C@]1(C(=O)[O-])CC[C@H](N(C)CC[NH+]2CCCC2)C1,CCc1ccc(C)cc1NC(=O)[C@H]1C[C@H](N(C)CC[NH+]2CCCC2)C1
168,C[NH+]1[C@H]2CC[C@@H]1CN(Cc1c[nH]c[nH+]1)CC2,COc1ccc([C@H](C[C@@H]2CN(Cc3c[nH]c[nH+]3)CC2)C2CCC2)cc1
169,CC1=c2cccc(C)c2=[NH+][C@H]1[C@@H]1C[C@H]2CN(C)C(=O)[C@]23CCC[NH+]13,CC1=c2cccc(C)c2=[NH+][C@H]1[C@@H]1C[C@H]1C1(C)CCC(c2ccccc2)CC1
170,C#CCNCC(=O)N1CC[NH+]([C@@H](C)C(=O)[O-])CC1,C#CCNCC(=O)N1CCC(C(=O)c2ccc(C)c(C(C)C)c2)CC1
171,C[C@H]1C[NH+]2CCC[C@@H]2CN1CCC[C@](C)([NH3+])C(=O)[O-],C[C@H]1C[NH+]2CCC[C@@H]2CN1CCC[C@](C)(c1cccc(C(F)(F)F)c1)c1ccccc1
172,C[NH+](C)CCNC(=O)C[C@H]1C[NH2+]CCO1,CC(C)N(C)CCNC(=O)C[C@H]1CCCO1
173,Cc1cc2c(cc1C)=[NH+][C@H](CN1CCN(c3cccc[nH+]3)CC1)C(=O)[NH+]=2,Cc1cc2c(cc1C)c[nH]c(=S)c2CN1CCN(c2ccccc2)CC1
174,O=C([O-])C[NH+]1CCC2(CC1)CC(=O)N2,COC(=O)[C@H]1CC[C@]2(CC1)CC(=O)N2
175,NC1=[NH+]CC2(CC[NH2+]CC2)N1C[C@@H]1CCCO1,Nc1nc(N2CCC3(CC[NH2+]CC3)N2C[C@@H]2CCCO2)cn1-c1ccc(Cl)cc1
176,O=C([O-])[C@@H]1C[C@@H]2CC[C@H]1[NH+]2c1nc[nH+]c2c1CCCCC2,O=C([O-])[C@@H]1C[C@@H]2CCCCC[C@@H]2C1c1ncc(Br)c2c1CCCCC2
177,[NH3+][C@@H]1C=C[C@H](C(=O)NC[C@H](O)C(=O)[O-])C1,[NH3+][C@@H]1C=C[C@H](C(=O)NC[C@H](c2cccc(Cl)c2)C(C)C)C1
178,O=C(NC[C@@H]1CCC[NH+](CC2=c3ccccc3=[NH+]C2)C1)[C@H]1NN=C2C=CC=C[C@H]21,O=C(NC[C@@H]1CCC[NH+](Cc2ccccc2Cl)C1)C1CCC(c2ccccc2)CC1
179,O[C@]1(C[NH2+]Cc2cccnc2-n2cncn2)C[NH2+]CCOC1,O[C@]1(Cc2ccc(Cc3cccnc3-n3cncn3)cc2)CCCCC1
180,C[C@H]1[C@@H](C(=O)[O-])CC[NH+]1[C@@H]1CC(=O)N(C)C1=O,C[C@H]1[C@@H](C(=O)N(C)[C@@H](C)[C@@H]2CC(=O)N(C)C2=O)CCC1
181,[NH3+]CC(=O)N1C[C@H](O)C[C@H]1C(=O)[O-],CC(C)CCC(=O)N1C[C@H](O)C[C@H]1C(=O)OC
182,CC[C@H](C[NH3+])C(=O)N1CC[C@H]2CC[C@@H](C1)[NH+]2C,CC(C)CC[C@H](CC)C(=O)N1CC[C@H]2CCC[C@@H]2C1
183,C[C@@H](C[C@H]1CCCC[NH2+]1)[NH2+]C[C@@H](C)[NH+](C)C,C[C@@H](C[C@H]1CCCC[NH2+]1)c1csc(C(C)C)c1Cl
184,COc1ccc(F)c([C@H]2N[C@@H](C[NH+]3CCCC[C@@H]3[C@@H]3[NH+]=c4ccc(F)cc4=[NH+]3)[C@H](C)O2)c1,COc1ccc(F)c([C@@H]2[C@@H](C)C3=C4CCCC[C@@H]4[C@@H](c4cc(F)ccc4F)[C@H]32)c1
185,[O-]c1nc(SCC2[NH+]=c3ccccc3=[NH+]2)nc2nc[nH]c12,[O-]c1nc(SCc2cccc(-c3ccc(Cl)cc3)c2)nc2nc[nH]c12
186,C/[NH+]=C(/NCC[NH+]1CCCCC1)N[C@@H]1CCS(=O)(=O)C1,C/C(=C(\C)N(C)[C@H]1CCCCC1)N[C@@H]1CCS(=O)(=O)C1
187,C[n+]1noc([O-])c1[C@@H]1NC[C@@H](C(=O)[O-])S1,C[n+]1noc([O-])c1[C@@H]1NC[C@@H](C(=O)c2cc(-c3ccc(Cl)cc3)ccc2Cl)S1
188,CC(=O)N1CCC2(CC1)C[C@H](C(=O)[O-])[NH+](Cc1[nH]cc[nH+]1)C2,CC(=O)N1CCC2(CC1)C[C@H](C(=O)c1ccc(Br)s1)C2
189,O=C([O-])C[C@H]1C(=O)NCC[NH+]1[C@H]1CCO[C@@]2(CCSC2)C1,O=C([O-])C[C@H]1C[C@@H](c2ccc([C@H]3CCO[C@@]4(CCSC4)C3)cc2)O1
190,O=C([O-])CNC(=O)[C@@H](CC1=c2ccccc2=[NH+]C1)N1C(=O)N=C2C=CC=C[C@@H]2C1=O,O=C(Nc1ccc(C(=O)[C@@H](CCc2ccccc2)C2CC2)cc1)N1C(=O)N=C2C=CC=C[C@@H]2C1=O
191,CN1C[NH+](C)CC2=C1NCNS2(=O)=O,CN1C(C)=C(C)CC2=C1NCNS2(=O)=O
192,C[C@H](C[NH+](C)C1CCC([NH3+])CC1)C(=O)[O-],CC(C)CCC(=O)N(C)C1CCC([NH3+])CC1
193,C=CC[NH+](CC(=O)[O-])C[C@H]1CNC(=O)O1,C=CCS/C(C)=C(/[O-])CCC[C@H]1CNC(=O)O1
194,C1C[NH2+][C@H]([C@H]2CCC[C@@H]2[NH2+]CC[NH+]2CCCC2)C1,C1C[NH2+][C@H]([C@H]2CCC[C@@H]2[C@H]2CCC3(CCCC3)C2)C1
195,C/[NH+]=C(/NC[C@@H]1C[NH+](C)CCN1C)NC(C)(C)C,C/[NH+]=C(/NC[C@@H]1C[C@H](C)CCN1Cc1c(C)c(Cl)ccc1Cl)NC(C)(C)C
196,CC[C@H](C(=O)[O-])[NH+](C)C1CCC([NH2+]C)CC1,CC[C@H](C(=O)[O-])[NH+](C)C1CCC(c2cccc(-c3ccccc3)c2)CC1
197,Cc1cc(C[C@H]([NH3+])[C@@H]2C[NH+]3CCN2CC3)n(C)n1,Cc1cc(C[C@H]([NH3+])[C@@H](C)[C@H]2CCCCC2)n(C)n1
198,O=C1NC(=S)S/C1=C/NC1[NH+]=c2ccccc2=[NH+]1,O=C1NC(=S)S/C1=C/Nc1c(Cl)ccc(-c2ccccc2Cl)c1
199,[NH3+][C@H]1CC[C@@H]([NH+]2CCC(C[NH+]3CCCC3)CC2)C1,CC(C)C[C@H]1C[C@H](C(=O)NC2CCC(C[NH+]3CCCC3)CC2)C1
200,COC(=O)[C@H]1[NH+]=c2cc(C)ccc2=C1NC(=O)C[NH+]1CCC[C@H](C)C1,COC(=O)[C@H]1SCC(Sc2ccc(C)cc2)=C1NC(=O)C[C@H]1CCC[C@H](C)C1
201,OC1[C@H]2CCC[C@@H]1C[NH+](CC[NH+]1CCCC1)C2,CC1(C)CC2CCCC[C@H]2C[C@@H]1C[NH+]1CCCC1
202,CC(=O)NCCNC(=O)C[NH+]1CC[C@@H](C(=O)[O-])[C@H]1C,CC(=O)NCCNC(=O)C[C@H]1CC[C@@H](C(=O)c2ccc(Cl)cc2Cl)[C@H]1C
203,COC(=O)[C@H]1C=CS[C@H]1NC(=O)CSC1[NH+]=c2ccccc2=[NH+]1,COC(=O)[C@H]1C=CS[C@H]1NC(=O)CSC1=C(c2ccccc2)c2ccccc2-c2ccccc21
204,C#CC[C@H]([NH2+]CC)[C@H]1C[NH+](C)CCN1C,C#CC[C@H]([NH2+]CC)[C@H]1CCN(CCC(C)C)CC1
205,C[NH+](C)CCN1CC[NH+]([C@@H]2CC[C@@H](O)C2)CC1,CC(C)C(C)CCN1CC[NH+]([C@@H]2CC[C@@H](c3ccccc3)C2)CC1
206,CC(C)[C@H]1C[NH+](CC(=O)[O-])C[C@@H]1NC(=O)CN(C)C(N)=O,CC(C)[C@H]1CCN(C(=O)Nc2ccccc2)[C@@H]1NC(=O)CN(C)C(N)=O
207,O=S1(=O)CC[C@@H](CC2[NH+]=c3ccccc3=[NH+]2)C1,O=S1(=O)CC[C@@H](Cc2c(Cl)cc3ccccc3c2Cl)C1
208,CN1C(N)=[NH+]C[C@]12CCS(=O)(=O)C2,CN1C[C@H](C)CC[C@]12CCS(=O)(=O)C2
209,COC(=O)[C@@H](O)C1CC[NH+](CC[NH+](C)C)CC1,COC(=O)[C@@H](O)C1CCC(CCC(C)(C)C)CC1
210,CC[NH+](CC)[C@H]1CC[NH+]([C@@H]2CC[C@](NC)(C(N)=O)C2)C1,CC[NH+](CC)[C@H]1CC[C@H]([C@@H]2CC[C@](NC)(C(=O)c3ccc(C)cc3)C2)C1
211,C[NH2+][C@]1(C(=O)[O-])CCC[C@@H]1CC[NH+]1CCC[C@H](N(C)C)C1,C[NH2+][C@]1(C(=O)[O-])CCC[C@@H]1CCc1c(Cl)cc(C)cc1C1CCCCC1
212,CC(C)[C@@H](CO)[NH2+][C@@H]1CCC[NH+](C)CC1,CC(C)[C@@H](CO)[NH2+][C@@H]1CCC[C@H](c2ccc(Cl)cc2)C1
213,CC[NH+]1CC[C@H](CN[C@@H]2CC[NH2+]C2)C1,CC[NH+]1CC[C@H](CN[C@@H]2CCC[C@H](c3cc(Cl)ccc3Cl)C2)C1
214,CCc1[nH+]ccn1CC(=O)N1C[C@H]2CC[C@@H]1C[NH+](C1CCOCC1)C2,CCc1[nH+]ccn1CC(=O)Nc1ccc(C2CCOCC2)cc1OC1CCCC1
215,O=C([O-])[C@H]1SC=C[C@@H]1S(=O)(=O)NCCC1=c2ccccc2=[NH+]C1,O=C(c1c([C@@H]2SC=C[C@@H]2S(=O)(=O)NCCc2ccccc2)cccc1Cl)C1CC1
216,CC(C)[NH+]1C[C@H](C)[C@@H](NC2CC[NH+](CC(N)=O)CC2)C1,CC(C)[NH+]1C[C@H](C)[C@@H](NC2CCC(c3ccc(Cl)cc3)CC2)C1
217,C[NH+](CCC(N)=[NH2+])[C@@H]1CCSC1,CC(C)(CCCC(N)=[NH2+])[C@@H]1CCSC1
218,C[NH2+][C@@]1(C(=O)[O-])CCC[C@H](N(C)C2CC[NH+](C)CC2)C1,Cc1cccc([C@]2(C(=O)[O-])CCC[C@H](N(C)C3CCCC3)C2)c1C
219,C[NH2+][C@@]1(C(=O)[O-])CCC[C@@H](N(C)C2CC[NH+](C)CC2)C1,Cc1cscc1[C@]1(Cc2ccccc2)CCC[C@@H](N(C)C2CC[NH+](C)CC2)C1
220,C[C@H](CN[C@H]1CC[NH+](C)C1)[NH+]1CCCC1,C[C@H](CN[C@H]1CCc2c(Cl)cccc21)[NH+]1CCCCC1
221,CC[NH2+][C@@]1(C(=O)[O-])CC[C@@H](N2CC[NH+](C(C)C)CC2)C1,CCC(CC)C[C@@]1(C(F)(F)F)CCC[C@@H](N2CC[NH+](C(C)C)CC2)C1
222,C[C@@]1(C(=O)[O-])COC[C@H]1NC(=O)C[C@@H]1C[NH2+]CCO1,C[C@@]1(C(F)(F)F)CCOC[C@H]1NC(=O)C[C@@H]1CCCO1
223,[NH3+]CC[C@]1(O)CC[NH+](C2CC2)C1,c1ccc(CC[C@]2(O)CC[NH+](C3CCCCC3)C2)cc1
224,C=CC[NH+](CC(=O)[O-])CC(=O)NC(=O)NC,C=CCCCNC(=O)[C@@H](C)CC(=O)NC(=O)NC
225,CC(C)C[NH+]1CCN([C@@H]2CC[C@]([NH3+])(C(=O)[O-])C2)CC1,CC(C)C[NH+]1CCN([C@@H]2CC[C@](C)(c3cc(C(=O)Nc4ccccc4)ccc3Cl)C2)CC1
226,C[C@@H](NC1=[NH+]CCC1)C(=O)[O-],C[C@@H](NC1=[NH+]CCC1)C(=O)Nc1cc(Cl)c(Cl)cc1Cl
227,C[NH2+][C@@H]1CC[C@@H](N2CCC[NH+](C)CC2)C1,C[NH2+][C@@H]1CC[C@@H](N2CCC(c3c(Br)cc(Cl)cc3C)CC2)C1
228,CC#CC[C@@H]([NH2+]C)[C@@H]1C[NH+](C)CCN1C,CC#CC[C@@H]([NH2+]C)[C@@H]1CCC(C)(C)CC1
229,CC(C)[C@H](NC(=O)N1CC[C@@H]2CC[C@H](C1)[NH+]2C)C(=O)[O-],CC(C)[C@H](NC(=O)N1CC[C@H](C)C1)C(=O)c1ccc(C2CC2)cc1
230,CC[NH+](CC)[C@H]1CCC[C@]([NH2+]C)(C(=O)[O-])C1,CC[NH+](CC)[C@H]1CCC[C@](C)(c2ccc(Cl)c(Cl)c2)C1
231,C[C@H](C(=O)[O-])[C@@H](C)[NH+](C)CC1CC([O-])C1,C[C@H](C(=O)[O-])[C@@H](C)[NH+](C)CC1CCC(c2cc(Br)ccc2C)CC1
232,O=C([O-])[C@@H]1CC2(CC[NH2+]CC2)C[NH+]1Cc1cccc2nonc12,Cc1ccc(NC(=O)N2CCC3(CC[NH2+]CC3)CC2)cc1-c1cccc2nonc12
233,O=C([O-])[C@H]1CC[C@@H](CNC(=O)[C@@H]2C[C@H]3CC[C@@H]2[NH2+]3)O1,O=C([N-])[C@H]1CC[C@@H](CNC(=O)[C@@H]2C[C@H]2c2ccccc2)O1
234,CC[NH+]1CCN(C(=O)[C@H](C)N2CC[NH+](CCCO)CC2)CC1,CC[NH+]1CCN(C(=O)[C@H](C)N2CCC(c3c(Cl)cccc3Cl)CC2)CC1
235,O=C([O-])CC1C[C@@H]2CC[C@H](C1)[NH+]2C[C@@H]1CNC(=O)O1,O=C(Nc1cc(C2C[C@@H]3CC[C@H](C2)[NH+]3C[C@@H]2CNC(=O)O2)ccc1Cl)c1ccccc1
236,O=C([O-])[C@@H]1C[C@@H](Br)C[NH2+]1,CC1(C(=O)[C@@H]2C[C@@H](Br)C[NH2+]2)CCCC1
237,C[C@H](O)[C@H](NC(=O)COCC[NH3+])C(=O)[O-],C[C@H](C)[C@H](NC(=O)COCC[NH3+])C(=O)c1ccc(Cl)cc1
238,CC[C@@H]([NH2+]C)c1nc([C@@H]2C[NH+]3CCN2CC3)no1,CC[C@@H]([NH2+]C)c1nc([C@@H]2CCCN(CC3CCCCC3)C2)no1
239,CN(C)C1=c2c(=O)n(C)c(=O)n(C)c2=[NH+][C@H]2C=CC=CN12,CN(C)c1cc2c(=O)n(C)c(=O)n(C)c2c(C)c1[C@H]1C=CC=CN1c1ccccc1
240,CNC(=O)NC(=O)CC[NH+](C)CC(=O)[O-],CNC(=O)NC(=O)CC[C@H](C)C(C)(C)C
241,C1CC[NH+]2CCCN([C@@H]3CC[NH+]4CCC[C@H]34)C[C@@H]2C1,c1cc(N2C(=O)CN([C@@H]3CC[NH+]4CCC[C@H]34)C[C@@H]2C2CCCCC2)ccc1Cl
242,CC[C@H](C(=O)[O-])[NH+](C)C1CCC([NH3+])CC1,CC[C@H](C)C(=O)[C@@H](C)CCC1CCC([NH3+])CC1
243,C[NH+](C)CC1CC[NH+](CCO)CC1,C[NH+](C)CC1CC[NH+](CCc2ccc(-c3cc(Cl)sc3Cl)cc2)CC1
244,COC(=O)[C@@H]1[NH+]=c2cc(OC)ccc2=C1NC(=O)[C@H](C)[NH+]1CCCCC1,COC(=O)[C@@H]1CN(c2cc3cc(OC)ccc3cc2NC(=O)[C@H](C)N2CCCCC2)C1
245,C[NH2+]C[C@H](C)C(=O)NC[C@](C)(O)C(=O)[O-],C[NH2+]C[C@H](C)C(=O)NC[C@](C)(C)c1ccc(Br)cc1
246,O=C([O-])[C@H]1C[C@@H](O)CN1C(=O)C[C@@H]1CSCC[NH2+]1,CCc1ccc(S[C@H]2C[C@@H](C)CN2C(=O)C[C@@H]2CSCC[NH2+]2)cc1
247,O=C([O-])CCCC(=O)N1CCC(C2[NH+]=c3ccccc3=[NH+]2)CC1,O=C([O-])CCCC(=O)N1CCC(c2c(-c3ccc(Cl)cc3)cccc2-c2ccccc2)CC1
248,C[NH+]1[C@H]2CC[C@@H]1CN(C(=O)NC(C)(C)CC(=O)[O-])CC2,C[C@H]1[C@H]2CC[C@@H]1CN(C(=O)NC(C)(C)CC(=O)Nc1ccccc1Cl)CC2
249,C[NH+]1[C@H]2CC[C@@H]1CCN(C(=O)NC(C)(C)CC(=O)[O-])C2,C[C@H]1[C@H]2CC[C@@H]1CCN(C(=O)NC(C)(C)CC(=O)c1ccc(Cl)c(Cl)c1)C2
250,C[NH+]1CC2(CC[NH+](Cc3cccc(O)c3)CC2)C[C@H]1C(=O)[O-],C[C@H]1CC2(CC[NH+](Cc3cccc(Oc4ccc(Br)cc4)c3)CC2)C1
251,CN1CCO[C@H](C[NH+](CCC(N)=[NH2+])C2CC2)C1,CN1CCO[C@H](C[NH+](CCC(=O)c2cc(-c3ccc(Cl)cc3)ccc2C)C2CC2)C1
252,C[NH+]1CCN(C(=O)[C@@H]2[C@H]3C=C[C@H](C3)[C@H]2C(=O)[O-])CC1,CC(C)c1cc(NC(=O)[C@@H]2[C@H]3C=C[C@H](C3)[C@H]2C(=O)N2CCCCC2)ccc1Br
253,C[NH+](CC(=O)[O-])[C@@H]1CCC[C@@H]1O,C[NH+](CC(=O)[O-])[C@H]1CCCC[C@@H]1c1cc(Br)ccc1Br
254,C/[NH+]=C(/NC[C@H]1CCC[NH+](C)C1)N(C)Cc1ncnn1C,C/C(=C/C(=O)N[C@H]1CCC[C@H](C)C1)N(C)Cc1ncnn1C
255,CCC[NH+](CC1CC[NH2+]CC1)[C@@H](CC)C(=O)[O-],CCC[NH+](CC1CC[NH2+]CC1)[C@H](CC)c1cccc(Oc2ccccc2)c1
256,CCNC(=O)c1ccc([NH+]2C[C@@H](C)[C@H](C(=O)[O-])C2)[nH+]n1,CCNC(=O)c1ccc(C(=O)N[C@H]2C[C@H]2C)nc1
257,O=C([O-])[C@@H](S)[C@H](S)C(=O)[O-],O=C([O-])[C@@H](S)[C@H](S)C(c1ccc(Br)cc1)=O
258,C[C@@H](C(=O)[O-])[NH+]1CCN(C(=O)c2ccc(C[NH3+])o2)CC1,Cc1c(Cl)c(Cl)ccc1C(=O)N1CCN(C(=O)c2ccc(C[NH3+])o2)CC1
259,CN[C@]1(C(=O)OC)CC[C@@H]([NH+](C)C[C@@H]2CC[NH+](C)C2)C1,CN[C@]1(C(=O)OC)CC[C@@H](C2CCCC2)C1
260,N[C@@]1(C(=O)[O-])CC[C@@H]([NH+]2CC[C@H](N3CCOCC3)C2)C1,N[C@@]1(C(=O)Nc2cc(C3CC3)ccc2Cl)CCC[C@H](N2CCOCC2)C1
261,C/[NH+]=C(/NC[C@H](C)C#N)NC[C@@H]1CCC[NH+](C)C1,C/[NH+]=C(/NC[C@H](C)C1CCCC1)NC[C@@H]1CCCC(C)(C)C1
262,O=C([O-])c1ccccc1C[NH+]1CC[C@H](O)C[C@@H]1C(=O)[O-],O=C([O-])c1ccccc1CSC1CC1
263,OCC[NH+](C1CC[NH2+]CC1)C1CC1,OCC[NH+](C1CC1)C1CCN(c2cc(Cl)c(Cl)cc2Cl)CC1
264,C[C@H](CNC1=[NH+]CCCCC1)[NH+](C)C,C[C@H](CNC1=[NH+]CCCCC1)c1ccc(C(C)C)cc1C(C)C
265,C[NH2+][C@]1(CO)CC[C@@H](N2CC[NH+](C)[C@@H](C)C2)C1,C[NH2+][C@]1(CO)CC[C@@H](N2CCC[C@H]2c2ccc(C(C)C)cc2)C1
266,CC(C)[C@@H]([NH2+][C@H](C)C[C@@H]1CCC[NH2+]1)C(=O)[O-],CC(C)[C@@H](NC(=O)[C@H](C)C[C@@H]1CCC[NH2+]1)c1ccc(Br)cc1
267,Cc1[nH+]ccn1CCC[NH+]1CCC2(CC1)[C@@H](C(=O)[O-])CC(=O)N2C,Cc1[nH+]ccn1CCC[NH+]1CCC2(CC1)[C@@H](c1ccccc1Cl)C(=O)N2Cc1ccc(Cl)cc1
268,[NH2+]=c1cc2n(cn1)[C@@H]1O[C@H](CO)[C@@H](O)[C@@H]1O2,c1cscc1-c1c2n(cn1)[C@@H]1O[C@H](CO)[C@@H](O)[C@H]12
269,C[NH2+][C@@](C)(CCCCN1C[C@H]2CCC[NH+]2C[C@@H]1C)C(=O)[O-],CC(C)CC[C@@](C)(CCCCN1C[C@H]2CCC[NH+]2C[C@@H]1C)C(=O)Nc1ccc(F)cc1
270,CCn1cc(C[NH+]2CCCN(C(=O)[C@@H]3CC[NH+](C)C3)CC2)cn1,CCn1cc(C[C@H]2CCCN(C(=O)[C@@H]3CC(C)(C)C3)C2)cn1
271,O=C([O-])CN(CC(=O)[O-])[N+](=O)[O-],O=C([O-])CN(CC(=O)c1ccc(Br)cc1)[N+](=O)[O-]
272,CCOc1ccccc1[C@H]1N[C@@H](C[NH+]2CCCC[C@@H]2C2[NH+]=c3ccccc3=[NH+]2)[C@H](C)O1,CCOc1ccccc1NC(=O)Nc1ccccc1[C@H]1CCCC[C@@H]1C
273,C[NH2+][C@@H](C1CC1)[C@H]1C[NH+](C)CCN1C,C[NH2+][C@@H](C1CC1)[C@H]1C[C@H](C)CCN1CC(C)(C)C
274,CCC[C@H](C)[NH2+]C[C@H]1C[NH+]2CCN1CC2,CCC[C@H](C)[NH2+]C[C@H]1CCC[C@H](N2CCCCC2)C1
275,CCC[NH+](C)CC[C@@H]1CCC[C@]1([NH2+]C)C(=O)[O-],CCC[NH+](C)CC[C@@H]1CCC[C@]1(C)c1ccc(C(C)C)cc1
276,C[C@@H](C[C@@H]1CCC[NH2+]1)[NH2+]CC(C)(C)C[NH+](C)C,C[C@@H](C[C@@H]1CCC[NH2+]1)[C@]1(CC(C)(C)C)CCC1(C)C
277,O=C(C[C@@H]1C[NH2+]CCO1)NCC[NH+]1CCCC1,O=C(C[C@@H]1CCCO1)NCCOC1CCCC1
278,C[NH+]1CCN(C(=O)C[NH+](C)[C@H](CO)C(C)(C)C)CC1,C[C@H]1CCN(C(=O)C[C@H](C)[C@H](CO)C(C)(C)C)CC1
279,C#CCN(CC(=O)[O-])C(=O)[C@H]1C[NH2+]C[C@H]1C,C#CCN(CC(=O)c1cccc(F)c1)C(=O)[C@H]1C[C@H]1C
280,N[C@@H](C[NH+]1CCCCC1)C(=O)[O-],N[C@@H](C[NH+]1CCCCC1)C(=O)Nc1sc2ccc(Cl)cc2c1Cl
281,N#C[C@H]1CN(C(=O)[C@H]([NH3+])CC(=O)[O-])CCO1,N#C[C@H]1CN(C(=O)[C@H](C)Cc2cc(Cl)ccc2Cl)CCO1
282,Cc1csc(C[NH+](CC(=O)[O-])CC(=O)[O-])n1,Cc1csc(C[C@H](CC(=O)[O-])CC(C)C)n1
283,CC(C)[NH+]1CC[C@@H](C[NH2+][C@@H](C)C[C@@H]2CCCCC[NH2+]2)C1,CC(C)[NH+]1CC[C@@H](C[C@@H](C)c2cc(Cl)ccc2C2CCCCC2)C1
284,CS(=O)(=O)N1C[C@@H]2C[NH+](Cc3cccnc3N)C[C@]2(C(=O)[O-])C1,CS(=O)(=O)N1CCC(C(=O)c2ccc(Cc3cccnc3N)cc2)CC1
285,CCCn1ncnc1C[C@@H]([NH2+]CC)[C@@H]1C[NH+]2CCN1CC2,CCCn1ncnc1C[C@@H](C)C1CCCC1
286,NC1=[NH+]C[C@H](c2cn(CCO)nn2)N1,N#C[C@H]1C[C@H](c2cn(CCO)nn2)Nc2ccccc21
287,CC1CC[NH+](CC(=O)Nc2ccccc2[C@@H]2[NH+]=c3ccccc3=[NH+]C2=O)CC1,CC1CC[C@H](CC(=O)Nc2ccccc2[C@@H]2c3ccccc3-c3ccccc32)C1
288,CC(C)(C)[NH2+]CC(=O)N1Cc2[nH+]c[nH]c2C[C@@H]1C(=O)[O-],CC(C)(C)c1ccc(CC(=O)N2Cc3[nH+]c[nH]c3C[C@@H]2C(=O)c2ccccc2)cc1
289,CN(C)c1nc(N)nc(C[NH+]2C[C@H](O)[C@H](O)C2)n1,CN(C)c1nc(N)nc(C2CCCC2)n1
290,N#CCSC1[NH+]=c2ccccc2=[NH+]1,N#CCSc1ccccc1Cl
291,CCN1c2nc3ccccc3nc2[C@@H](C2[NH+]=c3ccccc3=[NH+]2)[C@@H]1[NH3+],CCN1c2nc3ccccc3nc2[C@@H](c2ccccc2-c2ccccc2)[C@H]1c1cc(Br)ccc1Cl
292,C[NH2+]Cc1cc(C)nc([C@H]2C[NH+]3CCN2CC3)n1,C[NH2+]Cc1cc(C)nc([C@H]2CCCN(c3cccc(C)c3)C2)n1
293,CCC[NH2+][C@@](C)(C[NH+]1CCC(C)(C)C1)C(=O)[O-],CCCc1ccccc1C(C)(C)C[NH+]1CCC(C)(C)C1
294,C[C@@H]1CCC[C@@H](C2(O)C[NH2+]C2)[NH2+]1,C[C@@H]1CCC[C@@H](C2(O)CC(c3ccccc3)CC2)[NH2+]1
295,C[NH2+][C@]1(C(=O)[O-])CCC[C@@H]([NH+](C)CC(C)C)C1,CC(C)CC[C@]1(C(=O)[O-])CCC[C@@H](C)C1
296,C[NH+](C)[C@H]1COC[C@]1(C)C(=O)[O-],C[NH+](C)[C@H]1COC[C@]1(C)C(=O)Nc1cc(Cl)c(Cl)cc1Cl
297,OCCN1CNC([S-])=[NH+]C1,OCCN1CNC(=S)CC1
298,C#CCN(CC(=O)[O-])C(=O)N1CC[NH+]2CCC[C@H]2C1,C#CCN(CC(=O)[O-])C(=O)N1CCC(c2cccc(Br)c2)CC1
299,C[C@H]1C[NH+]2CCC[C@@H]2CN1C(=O)NCC(=O)[O-],C[C@H]1C[NH+]2CCC[C@@H]2CN1C(=O)NCc1cc(-c2ccc(Cl)cc2Cl)ccc1Cl
300,O=C([O-])[C@@H]1CC[NH+](c2nc[nH+]c3c2CCCCC3)C1,O=C(c1ccccc1)N1CCC[C@H](c2nc[nH+]c3c2CCCC3)C1
301,CC1C[NH+]([C@H]2COC[C@@H]2C(=O)[O-])C1,CC1C[NH+]([C@H]2COC[C@@H]2C(=O)Nc2cc(-c3ccccc3)cs2)C1
302,Cc1ccc2c(c1)=[NH+][C@@H](CN(C)C(=O)[C@@H](C)n1cc[nH+]c1C(C)C)[NH+]=2,Cc1ccc2c(c1)c(NC(=O)c1ccc(N(C)C(=O)[C@@H](C)n3cc[nH+]c3C(C)C)cc1)ccc2C
303,COC(=O)C[C@H](NC(=O)N1CC[NH+]2CCC[C@@H]2C1)C(=O)[O-],COC(=O)C[C@H](NC(=O)N1CC[C@H]2CCC[C@@H]2C1)C(=O)Nc1ccc(Cl)cc1Br
304,COCCNC(=O)NC(=O)C[NH+]1CC[C@H](C(=O)[O-])[C@@H]1C,COCCNC(=O)NC(=O)C[C@H]1CC[C@H](C(=O)c2cc(Br)ccc2C)C1
305,COC(=O)c1ccc2oc(=O)c([C@H]3[NH+]=c4ccc(C(=O)[O-])cc4=[NH+]3)cc2c1,COC(=O)c1ccc2oc(=O)c(-c3ccc(C(=O)c4ccc(Cl)cc4)c(-c4ccc(Cl)cc4)c3)cc2c1
306,CC[NH+](C[C@H](O)C[NH2+]C)C(C)C,CC[NH+](C[C@H](O)Cc1ccc(C(C)C)cc1)C(C)C
307,C/[NH+]=C(/NCC[NH+](C)C1CCCC1)N[C@H]1CCS(=O)(=O)C1,C/[NH+]=C(/NCCc1ccc(SCC2CCCC2)cc1)NC1CCS(=O)(=O)CC1
308,[NH3+][C@]1(C(=O)[O-])CC[NH+](Cc2ccccc2O)C1,CC(C)C[C@]1(C(=O)[O-])CC[C@H](Cc2ccccc2O)C1
309,CC[NH2+][C@@H](C=C(C)C)[C@@H]1C[NH+]2CCN1CC2,CC[NH2+][C@@H](C=C(C)C)[C@@H]1CCC[C@H](N2CCCCC2)C1
310,COCC[NH2+]CC(=O)N1CCOC[C@@H]1C(=O)[O-],COCC[NH2+]CC(=O)N1CCOC[C@@H]1c1ccccc1-c1ccc(Cl)cc1
311,CC[C@H](C)[NH2+]C1[C@@H]2C[NH2+]C[C@H]12,CC[C@H](C)[NH2+]C1[C@@H](C)CCC[C@@H]1C
312,O=C([O-])[C@@H]1C[NH2+]CCN1C(=O)N[C@@H]1CCOC1,O=C(Nc1ccccc1)[C@@H]1CCCCN1C(=O)N[C@@H]1CCOC1
313,C[C@@H]1[NH2+]CCC[C@@H]1C(=O)N1CCC[NH+]2CCC[C@@H]2C1,C[C@@H]1[NH2+]CCC[C@@H]1C(=O)N1CCC(c2cccc(C3CCCC3)c2)CC1
314,C[NH+](C)Cc1noc([C@H]2C[NH2+]CCO2)n1,Cc1ccc(N(Cc2noc([C@H]3C[NH2+]CCO3)n2)c2ccccc2)cc1C
315,C[NH2+][C@H](CCO)CN1CC[NH+]2CCCC[C@@H]2C1,C[NH2+][C@H](CCO)CN1CCC([C@@H]2CCCCC2)CC1
316,CN1CCC[NH+](Cc2ccc(CNC3=[NH+]CCN3)cc2)CC1,CN1CCC[C@H](Cc2ccc(CNc3ccccc3)cc2)CC1
317,C=C1C=C([O-])N2C(=NC(NCCC3=c4cc(OC)ccc4=[NH+]C3)=[NH+][C@@H]2c2ccccc2)N1,C=C1C=C([O-])N2C(=NC(Nc3cccc4cc(OC)ccc34)=C(c3ccccc3)[C@@H]2c2ccccc2)N1
318,CC(C)=CC(=O)N1CCN2NC([C@@H]3[NH+]=c4ccc(Cl)cc4=[NH+]3)=C[C@@H]2C1,CC(C)=CC(=O)N1CCN2NC(=C(c3cccs3)c3cc(Cl)ccc3Cl)S[C@@H]2C1
319,C[C@H](O)[C@H]([NH3+])C[NH+]1CCCCCC1,C[C@H](Sc1cc(F)ccc1Cl)C[NH+]1CCCCCC1
320,C[NH+]1CCC[NH+](Cc2ccc([N+](=O)[O-])o2)CC1,C[C@H]1CCC[C@H](Cc2ccc([N+](=O)[O-])o2)C1
321,CC[NH+](CC)CCN1C(N)=[NH+]CC12CCOCC2,CC[NH+](CC)Cc1cc(N)c(N2CCCC23CCOCC3)cc1
322,[NH3+][C@H]1COC[C@H]1C(=O)N[C@@H]1C=C[C@@H](C(=O)[O-])C1,CC(C)C[C@H]1COC[C@H]1C(=O)N[C@@H]1C=C[C@@H](C(=O)Nc2ccccc2Cl)C1
323,CN1CC[NH+](CC(=O)[O-])C(C)(C)C1=O,CN1CC[NH+](CC(=O)Nc2ccc(CC(C)(C)C)cc2C)C(C)(C)C1=O
324,CC(C)[NH2+][C@](C)(C[NH+]1CCC(C)(C)C1)C(=O)[O-],CC(C)[NH2+][C@](C)(C(=O)N1CCC(C)(C)CC1)CC(C)C
325,CC[C@@H]1CCC[NH+]([C@@H]2CC[C@]([NH2+]C3CC3)(C(=O)[O-])C2)CC1,CC[C@@H]1CCC[C@H]([C@@H]2CC[C@]([NH2+]C3CC3)(C(=O)c3cc(Cl)ccc3C)C2)C1
326,CC[C@@H](CC(N)=[NH2+])[NH+](C)CC,CC[C@@H](CC(N)=[NH2+])CC(C)(C)CC
327,CN(C)C(=O)CN1C(=O)[C@H]2CC[C@@H]1C[NH+](Cc1cc(C#CCO)cs1)C2,CN(C)C(=O)Cn1c(-c2ccccc2)ccc1C(=O)N1CCC(Cc2cc(C#CCO)cs2)CC1
328,CNC(=O)NC(=O)CC[NH+]1CC[C@H](C(=O)[O-])[C@H]1C,CNC(=O)NC(=O)CCC1CCCC1
329,CCC[NH2+][C@@]1(C(=O)[O-])CCC[C@@H]1CCN1CC[NH+](C)CC1,CCC[NH2+][C@@]1(C(F)(F)F)CCCC[C@@H]1CCN1CCCCC1
330,O=C(C[NH+]1CCCCCC1)N1CCc2nnc([C@H]3CCC[NH2+]C3)n2CC1,O=C(CS[C@H]1CCCCC1)N1CCc2nnc(C3CCCCC3)n2C1
331,C[C@@H]1C[NH2+]C[C@@H]1C(=O)N(C)C[C@@H]1CCC[NH+]1C,CCCCc1ccc(NC2CCC[C@@H]2C(=O)N(C)C[C@@H]2CCC[NH+]2C)cc1
332,CCN1CC(=O)N(C[C@@H]([NH3+])C(=O)[O-])CC1=O,CCN1CC(=O)N(C[C@@H](C)c2ccc(Cl)cc2Cl)CC1=O
333,O=C(N[C@H]1C=C[C@H](C(=O)[O-])C1)c1nnn[n-]1,O=C(N[C@H]1C=C[C@H](C(=O)[O-])C1)c1sc2ccccc2c1Cl
334,OCC1([NH+]2CCCC2)CC[NH2+]CC1,OCC1([NH+]2CCCC2)CC[C@H](Cc2ccc(Cl)cc2)CC1
335,N#CC[C@@H]1C[NH2+][C@H](C(=O)[O-])C1,N#CC[C@@H]1C[NH2+][C@H](C(=O)c2cc(Cl)c(Cl)c(Cl)c2)C1
336,CCO[C@@H]1C[C@H]([NH3+])[C@@H]1[NH+](C)C,CCO[C@@H]1C[C@H](C)C[C@H]1C
337,C=CC[NH+](CC(=O)[O-])[C@@H](C)[C@@H](C)O,C=CC[NH+](CC(=O)CCCC)[C@@H](C)[C@@H](C)CC
338,C[C@@H]1CCC[NH+]([C@@H]2CCC[C@]([NH3+])(C(=O)[O-])C2)C1,C[C@@H]1CCC[NH+]([C@@H]2CCC[C@](c3ccccc3)(C(=O)c3ccc(Cl)cc3)C2)C1
339,COC1CC[NH+](CC/[NH+]=C(/N)N2CCOCC2)CC1,COC1CC[NH+](Cc2csc(COC(=O)N3CCOCC3)c2-c2cc(Cl)ccc2Cl)CC1
340,COCC[NH+](C)CCN1CC2(CC[NH+]([C@@H]3CCOC3)CC2)OC1=O,CCCC[C@H](C)CCN1CC2(CC[NH+]([C@@H]3CCCC[C@@H]3C)CC2)OC1=O
341,C[NH+]1CCC(CN2CCC[NH+]3CCC[C@@H]3C2)CC1,C[NH+]1CCC(CN2CCC[C@@H](c3cccc4ccc(Cl)cc34)C2)CC1
342,C[NH2+]CC(=O)NC[C@H]1CC[C@H](C(=O)[O-])O1,CC1CCC(CC(=O)NC[C@H]2CC[C@H](C(C#N)=O)O2)CC1
343,CC[NH+]1CCC[C@H]1CN/C(NCc1ccnn1C)=[NH+]\C,CC[C@H]1CCC[C@H]1CN/C(NCc1ccnn1C)=C(/C)c1cccs1
344,O=C(CC1[NH+]=c2ccccc2=[NH+]1)N1CCOCC1,O=C(Cc1cc(-c2ccccc2)ccc1Cl)N1CCOCC1
345,C[C@@H]([NH3+])C(C)(C)C[NH+]1CCC(C[NH+](C)C)CC1,C[C@@H]([NH3+])C(C)(C)C[NH+]1CCC(CSc2ccc(-c3ccccc3)cc2)CC1
346,C[C@@H]1C[NH+]([C@@H](C)C(=O)N2CC[NH2+]CC2)C[C@@H]1C,C[C@@H]1C[NH+]([C@@H](C)C(=O)N2CCC[C@@H]2c2c(Cl)cccc2Cl)C[C@H]1C
347,[NH3+][C@@H]1C(=O)N2C(C(=O)[O-])=CCS[C@@H]12,Cc1cc([C@@H]2C(=O)N3C(C(=O)[O-])=CCS[C@H]32)c(Cl)cc1C
348,COCC[NH2+]CC(=O)N1C[C@H](OC)C[C@@H]1C(=O)[O-],COCC[NH2+]CC(=O)N1C[C@H](OC)C[C@H]1/C(c1ccccc1)=C\c1cc2ccccc2o1
349,Nc1nc(SCC(=O)c2ccc3c(c2)=[NH+]C(=O)[NH+]=3)n[nH]1,Nc1nc(SCC(=O)c2ccc3cccc(Oc4ccc(Cl)cc4)c3c2)n[nH]1
350,O=C1CCCC2=C1[C@H](C1[NH+]=c3ccccc3=[NH+]1)C1=C(O)N=N[C@@H]1N2,O=C1CCCC2=C1[C@H](c1ccccc1-c1cccc3ccccc13)C1=C(O)N=N[C@@H]1N2
351,C[C@@H](C[C@@H]1CCCC[NH2+]1)[NH2+]C[C@@H]1CCCC[NH+]1C,C[C@@H](C[C@@H]1CCCC[NH2+]1)c1cscc1[C@@H]1CCCC[C@H]1C
352,COCCOCC(=O)N1C[C@@H]2CC[NH+](C)C[C@]2(C(=O)[O-])C1,COCCOCC(=O)N1C[C@@H]2CC[C@H](C)C[C@]2(C(=O)c2cc3ccccc3cc2Cl)C1
353,CN(C)S(=O)(=O)N1C[C@@H]2CC[C@H](C1)[NH+](Cc1nc(C(F)(F)F)no1)C2,CN(C)S(=O)(=O)N1C[C@@H](c2ccc3c(c2)[nH]c(-c2nc(C(F)(F)F)no2)c3Cl)C1
354,C[C@H](C(=O)[O-])[C@H](C)[NH+]1CCN(CCO)CC1,CC(C)COC(=O)c1cc([C@H](C)[NH+]2CCN(CCO)CC2)ccc1Br
355,Cc1[nH]c(=O)[nH]c(=O)c1CCC(=O)N1CCC[NH+](CC(N)=O)CC1,Cc1[nH]c(=O)[nH]c(=O)c1CCC(=O)N1CCC(c2cc(Cl)sc2-c2ccccc2)CC1
356,N/[NH+]=C(/[S-])N[C@H]1CCS(=O)(=O)C1,[N-]/C(=C(/[S-])N[C@H]1CCS(=O)(=O)C1)c1ccc(Cl)cc1
357,O=C1NC=N[C@@H]2[C@H]1N=CN2[C@H]1O[C@@H](CO)[C@@H](O)[C@H]1O,O=C1NC=N[C@@H]2[C@H]1N=CN2[C@H]1O[C@@H](Cc2ccccc2)[C@@H]1c1cccs1
358,C[NH+](C)CC1CC[NH+](CC[C@H]2CCC[C@@H]2[NH3+])CC1,COc1ccc(OCC2CC[NH+](CC[C@H]3CCC[C@@H]3C)CC2)cc1
359,C[NH+]1CCN(C[C@@H]2Cc3[nH+]c[nH]c3CN2)CC1,Cc1c(C2CCN(C[C@@H]3Cc4[nH+]c[nH]c4CN3)CC2)cccc1Cl
360,CCn1ncnc1C[C@@H]([NH3+])[C@@H]1C[NH+](C)CCN1C,CCn1ncnc1C[C@@H](c1cccc(Br)c1)[C@@H]1CCCCCN1C
361,CC[C@H](C(N)=[NH2+])N1CC[NH+]2CCCC[C@@H]2C1,CC[C@H](C(C)=[NH2+])N1CC[C@H]2CCCC[C@H]2C1
362,CCNC(=O)NC(=O)[C@@H](C)[NH+](C)CC(=O)[O-],CCNC(=O)NC(=O)[C@@H](C)c1ccc(Cl)c(C(C)=O)c1
363,COCC1CC[NH+]([C@H]2CC[C@@]([NH2+]C3CC3)(C(=O)[O-])C2)CC1,COCC1CC[NH+]([C@H]2CC[C@@](c3ccc(C4CC4)cc3)(c3ccc(Cl)cc3)C2)CC1
364,CC[NH+]1CCN([C@@H]2CC[C@@](CO)([NH2+]C)C2)CC1,CC[NH+]1CCN([C@@H]2CC[C@@](C)(Cc3csc(-c4ccccc4)c3)C2)CC1
365,COCC[NH2+]CC(=O)N1CC[NH+]2CCCC[C@@H]2C1,COCC/N=C(/CC(=O)N1CC[NH+]2CCCC[C@@H]2C1)c1sc(C(C)C)cc1-c1cccs1
366,NN1[C@H](SCC2[NH+]=c3ccccc3=[NH+]2)N=N[C@H]1c1ccco1,NN1[C@H](SCc2ccc(Oc3ccccc3)c(Cl)c2)N=N[C@H]1c1ccco1
367,CC1CC[NH+](C2[C@@H]3C[NH2+]C[C@H]23)CC1,CC1CC[NH+](C2[C@@H]3C[C@H](C[C@H]23)Cc2ccccc2)CC1
368,COC(=O)CN1C(=O)/C(=N/NC2=N[C@H]3[NH+]=c4ccccc4=C3N=[NH+]2)c2ccccc21,COC(=O)CN1C(=O)/C(=N/Nc2c(-c3ccc(Cl)cc3)cccc2Nc2ccc(Cl)c3ccccc23)c2ccccc21
369,CN1CC[NH+](C)C[C@H]1[C@H](O)c1c[nH+]ccc1N,CN1CC[NH+](C)C[C@H]1[C@H](O)c1c[nH]c2ccc(-c3ccc(Br)s3)cc12
370,C[C@H](O)C[NH2+][C@@H]1CS(=O)(=O)C[C@@H]1O,CC[C@@H](C)C[C@@H](C)C1CS(=O)(=O)C[C@@H]1O
371,COC[C@H]1CC[NH+]([C@H]2CCC[C@]([NH2+]C(C)C)(C(=O)[O-])C2)C1,COC[C@H]1CC[NH+]([C@H]2CCC[C@](c3ccc(C(C)(C)C)cc3)(C(F)(F)F)C2)C1
372,C[NH+]1CCN(c2cc(CNC(=O)NC[C@H]3CC[NH+](C4CC4)C3)cc[nH+]2)CC1,C[C@H]1CCN(c2cc(CNC(=O)NC[C@H]3CCOC3)ccc2Cl)CC1
373,C[NH2+][C@H](COC(C)C)[C@H]1C[NH+](C)CCN1C,C[NH2+][C@H](COC(C)C)[C@H]1C[C@H](C)CCN1c1ccc(C)cc1
374,CC[C@@H]1C[NH2+]CC[C@@]12CCC[NH+](C)CC2,CC[C@@H]1C[C@@H](C)CCCC12CCCC2
375,C1CCC(N[C@@H]2CC[NH+](C3CC3)C2)=[NH+]C1,Cc1cc(N[C@@H]2CC[NH+](C3CC3)C2)cc(C2CCCC2)c1C(C)C
376,[NH3+][C@@H](CC[C@H]1CCCO1)[C@@H]1C[NH+]2CCN1CC2,[NH3+][C@@H](CC[C@H]1CCCO1)[C@@H]1CCC[C@@H](C(C)(C)C)C1
377,NC(=[NH2+])N1CCC[C@H]1C(=O)[O-],NC(=[NH2+])N1CCC[C@H]1C(=O)Nc1cc(Cl)c(Cl)cc1Cl
378,CCC(CC)(NC(=O)N1CC[C@@H]2CC[C@H](C1)[NH+]2C)C(=O)[O-],CCC(CC)(NC(=O)N1CC[C@@H]2CC[C@@H]2C1)/C(C)=C\c1ccc(Br)cc1
379,Br[C@H]1[C@@H](CSC2[NH+]=c3ccccc3=[NH+]2)Nc2scc[n+]21,Br[C@H]1[C@@H](CSC2(c3cccc4ccccc34)CCCC2)Nc2scc[n+]21
380,O=C([O-])CC1CC[NH+](CC[NH+]2CCCCC2)CC1,CCOC(=O)CCC1CC[NH+](CCC2(C)CCCCC2)CC1
381,C[C@H]1CN(C(=O)NCCOCC(=O)[O-])CC[NH+]1C,C[C@H]1CN(C(=O)NCCOCC(=O)c2cc(Cl)ccc2Cl)CC[C@H]1C
382,O=C([O-])CCn1cc(C[NH+]2C[C@@H](C(=O)[O-])[C@H](c3ccncc3)C2)cn1,Cc1ccccc1CCn1cc(C[NH+]2C[C@@H](c3ccccc3)[C@@H](c3ccncc3)C2)cn1
383,CC[NH2+]C[C@H](O)C[NH+]1CCC(OC)CC1,CC[C@H](C)[C@@H](C[NH+]1CCC(OC)CC1)c1ccc(C)cc1
384,O=C([O-])[C@@]12CCC[C@@H](C[NH2+]1)C2,O=C([S-])[C@@]12CCC[C@@H](C1)C2
385,COc1cccc(C[NH+]2C[C@H](C(=O)[O-])C3(CC[NH+](C)CC3)C2)c1,COc1cccc(C[NH+]2CCC(CC(=O)c3cccc(C4(C)CC4)c3)CC2)c1
386,Cn1cc[nH+]c1CC1(O)C[NH2+]C1,Cn1cc[nH+]c1CC1(O)CC[C@H](c2ccccc2)CC1
387,CN(C)C(=O)CC[NH+]1C[C@H](O)[C@H](O)C1,CN(C)C(=O)CC[C@H]1C[C@H](O)C1
388,CN1N[C@H](C(=O)N[C@@H](CC2=c3ccccc3=[NH+]C2)C(=O)[O-])c2ccccc2C1=O,CN1N[C@H](C(=O)c2ccc(C(Cc3ccccc3)c3ccccc3)cc2)c2ccccc2C1=O
389,C[NH+](C)CCC1CC[NH+](CC[NH+]2CCCCC2)CC1,C[NH+](C)CCC1CC[NH+](Cc2sc(C3CCCCC3)cc2-c2ccccc2)CC1
390,COc1cc(C[NH+]2CC[C@@]([NH3+])(C(=O)[O-])C2)cc2c1OCO2,COc1cc(C[C@H]2CC[C@@](C)(c3ccccc3)C2)cc2c1OCO2
391,c1cc(C[NH+]2CCC(NC[C@@H]3C[NH+]4CCN3CC4)CC2)ccn1,c1cc(C[NH+]2CCC(NC[C@@H]3CCN(Cc4ccncc4)c4ccccc43)CC2)ccc1Br
392,CC(C)[NH2+][C@@](C)(CN1C[C@H]2CCC[NH+]2C[C@H]1C)C(N)=O,CC(C)[NH2+][C@@](C)(C(=O)c1ccsc1)CN1CCCC[C@H]1C
393,C[C@@H](O)[C@@H](C)[NH+]1CC[C@@](C)(C(=O)[O-])C1,C[C@@H](O)[C@@H](C)[NH+]1CC[C@@](C)(C(=O)c2ccc(-c3ccccc3)cc2)C1
394,O=C([O-])[C@H]1[NH+]=c2ccccc2=C1C[NH2+]CCc1ccccc1,O=C(c1ccc(Cl)cc1)c1ccc(-c2ccccc2C[NH2+]CCc2ccccc2)cc1
395,Cc1ccc([O-])c(C[C@H](NC=O)C(=O)[O-])[nH+]1,Cc1ccc(-c2ccc(C[C@H](NC=O)C(=O)[O-])cc2)o1
396,CC1CC[NH+](CCCNC(=O)N2CC[C@H]3CC[C@@H](C2)[NH+]3C)CC1,CC1CC[NH+](CCCNC(=O)N2CCC(c3ccccc3Oc3c(C)cccc3C)CC2)CC1
397,C[NH2+][C@]1(C(N)=O)CCC[C@@H]1CC[NH+](C)C,C[NH2+][C@]1(C(N)=O)CCC[C@@H]1CCc1sc2ccc(C(C)C)cc2c1C
398,C=CC[NH2+]CCN[C@H]1CC[NH+](C2CC2)C1,C=CC[NH2+]CCN[C@H]1CC[C@@H](c2ccc(Br)cc2)C1
399,C[C@@H](CNC(=O)C[NH+]1CCNC(=O)C1)[NH+]1CCN(c2ccccc2)CC1,C[C@@H](CNC(=O)C[NH+]1CCN(c2ccccc2)CC1)c1c(-c2ccccc2)sc2ccccc12
400,C[C@@]1(C(=O)[O-])[C@@H](C(=O)[O-])[C@H]2CC(=O)[C@@H]1C2,C[C@@]1(C(=O)[O-])[C@@H](c2ccccc2)C[C@H]2CC(=O)[C@@H]12
401,CC[NH2+][C@](C)(CCN1C[C@@H]2CCC[NH+]2C[C@@H]1C)C(N)=O,CC[NH2+][C@](C)(CCN1C[C@@H]2CCC[C@H]2C[C@@H]1C)C(=O)c1cccs1
402,C[C@H](C(=O)NC1CC[NH+](C)CC1)N1CC[NH2+]CC1,C[C@H](C(=O)NC1CCC1)N1CCCCC1
403,C[C@@H]1C[C@@H](C)C[NH+](CCCNC(=O)N2CCC[NH+](CC(=O)N(C)C)CC2)C1,C[C@@H]1C[C@@H](C)C[C@H](CCCNC(=O)N2CCC(N(C(=O)C(C)C)C)CC2)C1
404,CCN[C@]1(C(N)=O)CC[C@@H]([NH+]2CC[C@H]([NH+](CC)CC)C2)C1,CCN[C@]1(C(N)=O)CC[C@@H](CC)CC1
405,OC[C@@H](O)CS[C@@H]1C[NH2+]C[C@H]1O,OC[C@@H](O)CS[C@@H]1C[C@H]1C1CCCC1
406,C/[NH+]=C(/NCc1cn2c(C)cccc2[nH+]1)N[C@H]1CC[NH+](CC2CC2)C1,C/[NH+]=C(/NCc1cn2c(C)cccc2c1)NC1CCC(c2ccccc2)CC1
407,CC[C@@H](O)C[NH+]1CC(n2cc(C(=O)[O-])nn2)C1,CC[C@@H](O)C[C@H]1CC(n2cc(C)nn2)C1
408,Cc1ccc2c(c1)=[NH+][C@H](/C(C#N)=C/c1ccccc1C(=O)[O-])[NH+]=2,Cc1ccc2c(c1)C(C)=C(Cl)C(/C(C#N)=C/c1ccccc1C(=O)c1ccccc1)C2
409,O=c1oc2c(C[NH+]3CCCCCC3)c(O)ccc2cc1C1[NH+]=c2ccccc2=[NH+]1,O=c1oc2c(CO/C=C3\CCCCC3)c(O)ccc2cc1C(=O)Nc1ccccc1
410,COC(=O)[C@H]1[NH+]=c2ccccc2=C1NC(=O)[C@@H](C)[NH+]1CCN(Cc2ccc3c(c2)OCO3)CC1,COC(=O)[C@H]1c2ccccc2-c2ccccc2N1C(=O)c1ccc(NC(=O)C2CCN(Cc3ccc4c(c3)OCO4)CC2)cc1
411,[NH3+]CCOCC(=O)N[C@]1(C(=O)[O-])CCOC1,c1csc(CCOCC(=O)N[C@]2(C(=O)c3ccc(Cl)cc3)CCOC2)c1
412,COc1cc([C@@H]2[NH+]=c3ccc(C(=O)[O-])cc3=[NH+]2)ccc1C,COc1cc(Cl)ccc1OC(=O)c1ccc(C)c(Br)c1
413,CCOC(=O)[C@H]1NC=[NH+][C@@H]1N,CCOC(=O)[C@H]1NC=CC[C@H]1C
414,C[NH+](C)CCN1C(N)=[NH+]C[C@@]12CCCC(C)(C)CC2,Cc1ccccc1CCN1C(N)=NN(C)C[C@@]12CCCC(C)(C)CC2
415,[NH3+]CCO[P@@](=O)([O-])OC[C@H](O)CO,Cc1ccc(CO[P@@](=O)([O-])OC[C@H](O)CO)c(Br)c1
416,C[NH+]1CCCN(C(=O)N[C@@H]2CCCCC[C@@H]2C(=O)[O-])CC1,C[C@H]1CCCN(C(=O)N[C@@H]2CCCCC[C@@H]2C(=O)Nc2c(Cl)cc(Cl)cc2Cl)C1
417,COCC1CC[NH+]([C@@H]2CCC[C@@]([NH3+])(C(=O)[O-])C2)CC1,COCC1CC[NH+]([C@@H]2CCC[C@@](Sc3cccc(Cl)c3)(c3ccc(Cl)cc3)C2)CC1
418,CC(C)[NH+](CCO)C[C@@H]1CCC[NH+](C)C1,CC(C)[NH+](CCO)C[C@@H]1CCCN(c2c(C(C)C)cccc2Cl)C1
419,CC(C)[NH+](CCO)C[C@H]1CCC[NH+](C)C1,CC(C)[NH+](CCO)C[C@H]1CCC[C@H](Cc2cccc(Br)c2)C1
420,CC[NH+]1CCC[C@H]1CN(C)S(=O)(=O)[C@@H](C)C[NH2+]C,CC[NH+]1CCC[C@H]1CN(C)S(=O)(=O)[C@@H](C)CSc1nc2ccc(-c3ccc(C)cc3)cc2s1
421,CC[C@@H](C)[C@H](NC(=O)[C@H](C)N1C(=O)N2CCC3=c4cc(OC)ccc4=[NH+][C@H]3[C@@]2(C)C1=O)C(=O)[O-],CC[C@@H](C)[C@H](NC(=O)[C@H](C)N1C(=O)N(c2cccc3cc(OC)ccc23)C1=O)[C@@H]1CC=CC[C@@H]1C
422,O=C([O-])CC[NH2+][C@@H]1CCCC[C@@H]1[C@@H]1CCC[NH2+]1,Cc1cc(Br)cc(NC(=O)[C@H]2CCCC[C@@H]2[C@@H]2CCC[NH2+]2)c1
423,C[C@@H]([C@@H](C)O)[NH+](C)C[C@@H](C)C(=O)[O-],C[C@@H]([C@@H](C)O)[NH+](C)C[C@@H](C)C(=O)Nc1c(Cl)cc(Cl)cc1Cl
424,CC(C)[NH2+]Cc1cnc([C@@H]2C[NH+]3CCN2CC3)[nH]1,CC(C)[NH2+]Cc1cnc([C@@H]2CCCN2CC2CCCCC2)[nH]1
425,CC[NH+](CC(=O)[O-])[C@H]1CCN(C)C1,CC[NH+](CC(=O)c1ccccc1)C1CCN(C)CC1
426,O=C(C1[C@H]2C[NH2+]C[C@@H]12)N1C[C@@H]2CC[C@H](C1)N(Cc1cscn1)C2=O,O=C(C1[C@H](c2ccc(Cl)cc2)CC1)N1C[C@@H]2CC[C@H](C1)N2Cc1cscn1
427,CC[NH2+]C(C)(C)c1nc([C@H]2C[NH+]3CCN2CC3)no1,CC[NH2+]C(C)(C)c1nc([C@H]2CCN(c3ccc(Cl)cc3Cl)C2)no1
428,C[NH2+]C[C@@]1(CN2CC[NH+]3CCC[C@@H]3C2)CCOC1,CC(C)CCC[C@@]1(CN2CC[C@H]3CCC[C@@H]3C2)CCOC1
429,COCCN(CC(=O)[O-])C(=O)N[C@H]1CC[NH+]2CCC[C@H]12,COCCN(CC(=O)Nc1ccc(F)cc1)C(=O)N[C@H]1CCC[C@H]1C
430,CNC(=O)C[NH+]1CCCN(CCCCC[NH3+])CC1,CNC(=O)C[C@H]1CCCN(CCCCC[C@@H]2CCCO2)C1
431,CCC[NH+](C1CC1)[C@@H]1CC[C@]([NH2+]C2CC2)(C(=O)[O-])C1,CCC[NH+](C1CC1)[C@@H]1CC[C@](NC(=O)c2cc3c(C)cc(C)cc3s2)(C1)C1CC1
432,C[C@H]([NH2+][C@@H]1CC(=O)N(C)C1=O)[C@H](C)C(=O)[O-],C[C@H]([NH2+][C@@H]1CC(=O)N(C)C1=O)[C@H](C)C(=O)c1ccccc1-c1ccc(Cl)cc1
433,[NH3+]CC[NH+]1CCC(CO)CC1,O=C(CCCC[NH+]1CCC(CO)CC1)c1cccc(Cl)c1
434,c1c[nH+]c(CN[C@H]2CC[NH2+]C2)[nH]1,c1c[nH+]c(CN[C@H]2CCN(c3cccc(Br)c3)C2)[nH]1
435,CCNC(=[NH2+])N(C)C[C@H]1CCC[NH+]1CC,CCNC(=O)c1cc(N(C)C[C@H]2CCC[NH+]2CC)c2c(C)cccc2c1
436,O=C([O-])[C@H]1CC[C@H]2CCCC[C@H]2[NH+]1[C@@H]1CS(=O)(=O)C[C@@H]1O,O=C([O-])[C@H]1CC[C@H]2CCCC[C@H]2[C@H]1[C@@H]1CS(=O)(=O)C[C@@H]1c1ccc(Cl)cc1
437,O=C1C[C@H]([NH+](CC2CC[NH2+]CC2)C2CC2)CCCN1,O=C1C[C@H]([NH+](CC2CC2)[C@@H]2CCCCC2)CCN1c1ccccc1
438,C[C@@H]1O[C@]12C[C@@H](C)[C@@](C)(O)C(=O)OC/C1=C/CN(C)CC[C@@H](OC2=O)C1=O,C[C@@H]1O[C@]12C[C@@H](C)[C@@](C)(O)C(=O)OC/C2=C/C1CCCCC1
439,C=CC[NH2+]CC(=O)N1CCOC[C@@H]1C(=O)[O-],C=CC[NH2+]CC(=O)N1CCOC[C@@H]1c1ccc2c(Cl)cccc2c1
440,CC(C)[NH2+]C[C@@H](O)CN(C)C[C@@H]1CCC[NH+]1C,CC(C)[NH2+]C[C@@H](C)CN(C)C[C@H]1CCCCC1
441,C[C@H](C(=O)[O-])[C@@H](C)[NH+]1CCCSCC1,C[C@H](C[C@@H](C)[C@@H](C)[NH+]1CCCSCC1)c1ccccc1
442,CC(C)[NH2+][C@]1(C(=O)[O-])CCC[C@@H]([NH+](C)C2CC2)C1,CC(C)[NH2+][C@]1(C(=O)[O-])CCC[C@@H](c2ccc(C3CCCCC3)cc2)C1
443,CN(C[C@@H]1CCC[NH+]1C)C(=O)N[C@H]1COC[C@]1(C)C(=O)[O-],CN(C[C@@H]1CCC[C@H]1C)C(=O)N[C@H]1COC[C@]1(C)C(F)(F)F
444,C=CC[NH2+]CC(=O)N(C)[C@@H]1CCC[NH+](C)C1,C=CC[NH2+]CC(=O)N(C)C1CCN(c2ccc(C(C)C)cc2)CC1
445,C/[NH+]=C(/NCc1cn2c(C)cccc2[nH+]1)N1C[C@H]2C[NH+]3CCCC[C@@H]3[C@@H]2C1,Cc1ccc(C)c(NCc2cn3c(C)cccc3[nH+]2)c1C[C@H]1C[C@H]2CCCC[C@@H]12
446,C[NH2+][C@@H](C)Cc1nc([C@H]2C[NH+](C)CCN2C)no1,Cc1ccc([C@@H](C)Cc2nc([C@H]3C[C@H](C)CCN3C)no2)cc1
447,O=[N+]([O-])c1ccc2c(c1)=[NH+][C@@H](C(F)(F)F)[NH+]=2,O=[N+]([O-])c1ccc2c(c1)cc(C(F)(F)F)c(Cl)c2
448,C[NH2+][C@H](C)c1cnc([C@@H]2C[NH+]3CCN2CC3)nc1C,C[NH2+][C@H](C)c1cnc([C@@H]2CCCN2Cc2ccccc2)nc1C
449,CC[NH+]1CCC[C@H]1CN(C)[C@@H](C)C(=O)N1CC[NH2+]CC1,CC[C@H]1CCC[C@H](CN(C)[C@@H](C)C(=O)N2CCCCC2)[C@@H]1C
450,O=C(NC1CC[NH2+]CC1)[C@@H]1CC[C@@H]2CN1C(=O)N2OS(=O)(=O)[O-],O=C(NC1CC[NH2+]CC1)[C@@H]1CC[C@@H]2CCCC[C@@H]2N1S(=O)(=O)c1ccc(Br)cc1
451,CC(C)[C@H](C[NH2+][C@H](C)C[C@@H]1CCC[NH2+]1)[NH+]1CCCC1,CC(C)[C@H](C[NH2+][C@H](C)C[C@@H]1CCC[NH2+]1)c1c(C2CCCC2)cccc1Cl
452,CC(C)CNC(=O)[C@H](C)[NH+]1CCCN(CC[NH3+])CC1,CC(C)CNC(=O)[C@H](C)c1ccsc1CN1CCCC1
453,C[NH+](C)CCNC(=O)CC1CCN(C(=O)[C@@H]2C=c3ccccc3=[NH+]2)CC1,Cc1ccccc1CCNC(=O)CC1CCN(C(=O)c2ccc(Cl)c3ccccc23)CC1
454,O=C1NCCCC[C@@H]1[NH+]1CNC(=S)NC1,O=C1NCCCC[C@@H]1[C@H]1CCC(=S)NC1
455,C[C@@H]1CS[C@H]([C@H]([NH3+])C(=O)N[C@H](C(=O)[O-])c2ccccc2)N=C1C(=O)[O-],C[C@@H]1CS[C@H]([C@H]([NH3+])C(=O)N[C@H](C(=O)c2cccc3ccccc23)c2ccccc2)C1
456,CNC(=O)C[C@@H](C[NH3+])N1CC[C@H]([NH+]2CCCC2)C1,CNC(=O)C[C@@H](Cc1cccc(N2CC[C@H]([NH+]3CCCC3)C2)c1)c1ccccc1
457,C[C@H](C(=O)[O-])[NH+]1CCN(C(=O)N[C@H]2CCOC2)CC1,C[C@@H](c1ccc(Cl)cc1)N1CCN(C(=O)N[C@H]2CCOC2)CC1
458,O=C(NC[C@@H]1CCC[NH+](CCCn2cccn2)C1)[C@H]1C=c2ccccc2=[NH+]1,O=C(NC[C@@H]1CCC[C@H](CCCn2cccn2)C1)Nc1ccccc1-c1ccccc1
459,C[C@H]1C[C@@H]([NH3+])CN([C@@H]2C[NH+]3CCC2CC3)C1,C[C@H]1C[C@@H]([NH3+])CN([C@@H]2C[C@H]3CCC[C@@H]3[C@H]2c2ccccc2)C1
460,CC[NH2+][C@@H](CO)CC[NH+]1C[C@@H](C)[C@@H](C)C1,CC[C@H](c1ccccc1F)CC[NH+]1C[C@@H](C)[C@@H](C)C1
461,COC(=O)C[C@H](NC(=O)N(C)C[C@@H]1CCC[NH+]1C)C(=O)[O-],COC(=O)C[C@H](NC(=O)N(C)C[C@@H]1CCC[C@H]1C)C(=O)c1ccc(Cl)cc1Cl
462,C[C@@H](C[NH+]1CCC(C)(C)C1)C(N)=[NH2+],C[C@@H](C[NH+]1CCC(C)(C)C1)C(=O)Nc1cc(Br)ccc1Cl
463,C[NH+]1[C@H]2CC[C@@H]1CN(C(=O)c1n[nH]cc1N)CC2,Cc1cccc(CN2CCC([C@@H]3CN(C(=O)c4n[nH]cc4N)CC3)CC2)c1
464,Cn1c([O-])cc(=NC(=O)C[NH+]2CCC[C@H]2Cn2cccn2)n(C)c1=O,CN(C(=O)c1cccc(C(=O)C[NH+]2CCC[C@H]2Cn2cccn2)c1)c1ccccc1
465,O=C([O-])CC[P@@](=O)([O-])C[NH+]1CCCCC1,O=C([O-])CC[P@@](=O)([O-])Cc1c(C2CCCCC2)csc1Br
466,CCC[NH2+][C@@H](CO)C[NH+]1C[C@@H](C)[C@@H](C)C1,CCC[NH2+][C@@H](CC)C[C@H]1CC[C@H](C)[C@@H](C)C1
467,C[C@@H](C[NH3+])N1CC[NH+]([C@@H]2CCO[C@]3(CCOC3)C2)CC1,C[C@@H](COCc1ccccc1)N1CCC([C@@H]2CCO[C@]3(CCOC3)C2)CC1
468,C[NH+]1CC[C@](C[NH3+])(NC[C@@]2(C)CCCO2)C1,CC(C)[C@@H]1CCC[C@](O)(NC[C@@]2(C)CCCO2)C1
469,O=C(N[C@]1(C(=O)[O-])CCSC1)c1nnn[n-]1,O=C(N[C@]1(C(=O)[O-])CCSC1)c1sc2ccccc2c1Cl
470,C[C@H](NC(=O)[C@H]1CC[NH2+][C@H]1C)c1nnn[n-]1,C[C@H](NC(=O)[C@H]1CC[NH2+][C@H]1C)c1c(Cl)cc(Cl)cc1Cl
471,CC(C)[NH+]1CCC(NC(=O)C[NH+]2CC[C@@H](C)[C@@H](O)C2)CC1,CC(C)[NH+]1CCC(NC(=O)COc2cccc(OC3CCC(C)CC3)c2)CC1
472,O=C([O-])[C@H]1[NH2+][C@@H]2CC[C@H]1CC2(F)F,Cc1ccccc1[C@H]1[NH2+][C@@H]2CC[C@H]1CC2(F)F
473,O=C([O-])[C@@H]1CC[C@@H](CNC(=O)N2CC[NH2+]CC2)O1,CCOC(=O)C[C@@H]1CC[C@@H](CNC(=O)N2CCCCC2)O1
474,O[C@H]1[C@@H]2CC[C@@](O)(N2)[C@H](O)[C@@H]1O,O[C@H]1[C@@H]2CC[C@@](O)(N2)[C@H](O)[C@@H]1c1ccc(Cl)c(Cl)c1
475,CCCCN[C@H]1CS(=O)(=O)C[C@@H]1[NH2+]CC(=O)[O-],CCCCN[C@H]1CS(=O)(=O)C[C@H]1c1ccc(Cl)c(Cl)c1
476,O=C([O-])CNCC[NH+]1CCCCCC1,O=C(c1cc(CNCC[NH+]2CCCCC2)ccc1Cl)N1CCCC1
477,C/[NH+]=C(/NCC(=O)OC(C)(C)C)NC1C[C@@H]2CCC[C@H](C1)[NH+]2C,Cc1sc(C(=O)NCC(=O)OC(C)(C)C)cc1C(=O)NC1CCC[C@H](C)C1
478,CN1C(=O)C[C@@H](C(=O)[O-])C12CCN(c1cc(C(=O)[O-])cc[nH+]1)CC2,CN1C(=O)C[C@@H](C(=O)c2ccccc2Cl)C12CCN(C(=O)c1cccc(Br)c1)CC2
479,C[NH2+][C@]1(CO)CC[C@@H]([NH+](C)CCCOC)C1,C[NH2+][C@]1(CO)CC[C@@H](c2ccc(CCCCCOC)cc2)C1
480,CC[NH2+][C@@]1(C(=O)[O-])CC[C@@H](N(C)Cc2[nH+]ccn2C)C1,CCN(c1ccccc1C)C(=O)[C@H]1CC[C@@H](N(C)Cc2[nH+]ccn2C)C1
481,O=C([O-])CC[NH+]1CCN([C@@H]2CCO[C@@]3(CCOC3)C2)CC1,CCC(C)(C)CC(=O)C1CCN([C@@H]2CCO[C@@]3(CCOCC3)C2)CC1
482,CN1CC[NH+](C)C[C@H]1c1noc([C@@H]2CCCCC[NH2+]2)n1,CN1CCc2ccccc2C[C@H]1c1noc([C@@H]2CCCCC2)n1
483,C[NH2+][C@@H](CCO)[C@H]1CCCC[NH2+]1,CCNc1cc([C@H](CCO)[C@H]2CCCC[NH2+]2)ccc1Br
484,Cc1noc(C)c1CN1C(=O)[C@H]2CC[C@@H]1C[NH+](CC(=O)N1CCOCC1)C2,Cc1noc(C)c1Cn1c([C@H](C)S[C@H]2CC[C@@H](CCC(=O)N3CCOCC3)C2)c(C)c2ccc(C)cc21
485,Cc1c[nH]c(CN(C)C(=O)[C@@]23CNC[C@@H]2C[NH2+]C3)[nH+]1,Cc1c[nH]c(CN(C)C(=O)[C@@]23CCC[C@@H]2CCC3)[nH+]1
486,O=C([O-])[C@H]1CC2(CCN(S(=O)(=O)N3CCOCC3)CC2)C[NH2+]1,O=C(/C=C/[C@H]1CC2(CCN(S(=O)(=O)c3cc(Cl)ccc3Cl)CC2)C1)N1CCOCC1
487,O=C(N[C@@H]1CC[NH2+]C1)c1cc(=O)[nH]c([O-])n1,O=C(N[C@H]1CCC[NH2+]C1)c1cc(Br)c2ccc(Br)cc2n1
488,C[NH+]1[C@H]2CC[C@@H]1CN(CCC[C@@H]1CCC[NH2+]C1)CC2,CCNC(=O)C1(C2CC2)CC[C@H](CCC[C@@H]2CCC[NH2+]C2)CC1
489,CC(C)(C[NH2+]C[C@](C)(O)CO)C(=O)[O-],CC(C)(C[NH2+]C[C@](C)(O)CO)C(=O)c1cccc(-c2ccccc2)c1
490,CCC([NH3+])(CC)C(=O)N1Cc2[nH+]c[nH]c2C[C@H]1C(=O)[O-],CCC([NH3+])(CC)C(=O)N1Cc2[nH]cc(Br)c2C[C@H]1C(=O)c1ccccc1
491,CN(C)C(=O)CN1CC[NH+]([C@@H](C(=O)[O-])c2cn(CC(=O)[O-])c3ccccc23)CC1,CN(C)C(=O)Cn1cc(NC(=O)c2ccc(C(=O)N3CCCCCC3)cc2)c2ccccc21
492,C[C@@H]([NH2+]C[C@@H]([O-])C[NH+](C)C)c1ccc2[nH]c(=O)[nH]c2c1,C[C@@H]([NH2+]C[C@H](C)c1cccc2ccccc12)c1ccc2[nH]c(=O)[nH]c2c1
493,CC[NH+](CC)Cc1cnc2c(C(=O)N3CC[C@H]4CC[C@@H](C3)[NH+]4C)cnn2c1,CC[C@@H](C)Cc1cnc2c(C(=O)N3CC[C@H](C)[C@H](c4ccccc4)C3)cnn2c1
494,CC[NH+](CC)Cc1cnc2c(C(=O)N3CC[C@@H]4CC[C@H](C3)[NH+]4C)cnn2c1,CC[C@H](CC)Cc1cnc2c(C(=O)N3CC[C@H](c4ccc(Cl)cc4)C3)cnn2c1
495,CC1=C(C2[NH+]=c3cc(C)c(C)cc3=[NH+]2)[C@@H](Cl)N(C)N1,CC1=C(CN(C(=O)c2cc(C)c(C)cc2Br)C2CC2)[C@H](Cl)N(C)N1
496,CC[NH+](CC)C[C@H]1CC[NH2+]C1,CC[NH+](CC)C[C@H]1CC[C@@H](c2cccs2)C1
497,CC[NH+]1CC[C@H]([NH2+]C2CCC(C[NH+](C)C)CC2)[C@H](C)C1,CC[C@H]1CC[C@H]([NH2+]C2CCC(Cc3ccc(C)c(C)c3)CC2)[C@@H](C)C1
498,Cn1cc(C(=O)N2CCC[NH+](CCC[NH3+])CC2)cn1,Cn1cc(C(=O)N2CCC[C@H](CCCc3ccc(Br)s3)C2)cn1
499,O[C@@]1(C[NH2+]CCSc2ccccn2)C[NH2+]CCOC1,O[C@@]1(CSCc2cc(CSc3ccccn3)ccc2Cl)CCOC1
500,[NH3+][C@]1(C(=O)[O-])CCC[C@H]1CC[NH+]1CCCCC1,O=C(CC[C@]1(C(F)(F)F)CCCC[C@H]1CC[NH+]1CCCCC1)N1CCCC1
501,C[NH+]1[C@H]2CC[C@@H]1CN(Cc1cc(=O)n3ccsc3[nH+]1)CC2,CC(C)CC[C@H]1CC[C@@H]2CN(Cc3cc(=O)n4ccsc4[nH+]3)CC[C@@H]2C1
502,[NH3+][C@H]1CCCCC[C@@H]1C(=O)N1CCC[NH+]2CCC[C@@H]2C1,CN[C@@H]1CCCCCCCC[C@@H]1C(=O)N1CCC[C@@H](c2cccc(F)c2)C1
503,CCN1C(=O)[C@H]2[C@@H](C(=O)[O-])C[C@H](C(=O)[O-])[C@@H]2C1=O,CCN1C(=O)[C@H]2[C@@H](C(=O)c3ccccc3)CC(C(=O)c3ccccc3)[C@@H]2C1=O
504,CC(C)=CC[NH+]1C[C@H]2CC[C@@H]1CN(C(=O)CCn1ccc(=O)[nH]c1=O)C2,CC(C)=CCc1cc(-c2ccccc2Cl)sc1C1CN(C(=O)CCn2ccc(=O)[nH]c2=O)C1
505,C[C@H]1C[NH2+]CCC12CC[NH+](C)CC2,C[C@H]1C[NH2+]CCC12CC[C@@H](C(C)(C)C)CC2
506,C[C@]1(C(=O)[O-])COC[C@@H]1NC(=O)[C@H]1C=C[C@@H]([NH3+])C1,C[C@]1(C(=O)[O-])CCC[C@@H]1NC(=O)[C@H]1C=C[C@@H](c2ccc(Br)cc2)C1
507,C[NH+](CC(=O)N1CCOC1=O)CC1CC[NH2+]CC1,C[C@H](CC(=O)N1CCOC1=O)CC1CCCCC1
508,CS(=O)(=O)CCC[NH+]1[C@H]2CC[C@@H]1CC(CC(=O)[O-])C2,CS(=O)(=O)CCC[NH+]1CCC([C@@H]2C[C@H](CC(=O)c3ccccc3)C2)CC1
509,C[NH+](CC(=O)N1C[C@@H]2CC[C@H](C1)[NH+](Cc1ccccc1)C2)Cc1ccccn1,C[C@H](CC(=O)N1C[C@@H]2CCC[C@@H]2C1)N(Cc1ccccc1F)Cc1ccccc1
510,CC(C)[C@@H]1C[NH+](C)CCN1C(=O)NCCC[NH+]1CCC[C@H](C(N)=O)C1,CC(C)[C@@H]1C[C@H](C)CCN1C(=O)NCCC[C@H]1CCC[C@H](C)C1
511,C[C@H]1[NH2+]CC[C@@H]1C(=O)NC[C@@H]1CCC[NH+](C)C1,C[C@H]1[NH2+]CC[C@@H]1C(=O)NC[C@@H]1CCC[C@@H](c2ccc(Br)cc2)C1
512,CC(=O)NNC(=O)CSC[C@@H]([NH3+])C(=O)[O-],CC(=O)NNC(=O)CSC[C@@H](C)c1ccc(Cl)c(Cl)c1
513,C[C@@H](C[C@H]1CCCCC[NH2+]1)[NH2+]CC[NH+](C)C1CCCC1,C[C@@H](C[C@H]1CCCCC[NH2+]1)c1ccc(Cl)c(Cl)c1C1CCCC1
514,COC[C@H]1CC[NH+](C[C@H]2CC[NH2+][C@@H]2C)C1,COC[C@H]1CC[NH+](C[C@H]2CC[C@H]2c2cccc3ccccc23)C1
515,O=P([O-])([O-])C[NH+]1CCCCCC1,O=P(C[NH+]1CCCC1)(Cl)C1CCCCC1
516,CC[NH2+][C@H](COC)Cc1nc([C@@H]2C[NH+](C)CCN2C)no1,CC[NH2+][C@H](COC)Cc1nc(-c2cccc(N3CCCCC3)c2)no1
517,COCC[NH+]1C[C@@H]2CN(c3nc(CO)cs3)C[C@]2(C(=O)[O-])C1,COCCNC(=O)c1ccc(C2CN(c3nc(CO)cs3)C[C@]2(C)C)cc1
518,CC(C)[C@@H]1N=N[C@H](NC(=O)CSC2[NH+]=c3ccccc3=[NH+]2)S1,CC(C)[C@@H]1N=N[C@H](NC(=O)CSc2ccc(N(c3ccccc3)c3ccccc3)cc2)S1
519,CCc1nc(C(=O)N2CC[NH+]([C@H](C)C(=O)[O-])CC2)n[nH]1,CCc1nc(C(=O)N2CCC(C(=O)c3cc(C)c(Br)cc3C)CC2)n[nH]1
520,CC[NH+]1CCC[C@@](O)(C(C)(C)C[NH3+])CC1,CC[NH+]1CCC[C@@](O)(C(C)(C)Cc2ccc(Cl)cc2Cl)C1
521,CCC(=O)N1CCC[NH+](C[C@@H](C)C[NH3+])CC1,CCC(=O)N1CCCCC1
522,COCC[NH2+]CC1CC[NH+](C[C@H](C)O)CC1,CCCC[C@H](CC1CC[NH+](C[C@H](C)O)CC1)c1ccccc1
523,CC[C@@H]1CCCC[NH+]1CCN/C(N)=[NH+]/C1CC1,CC[C@@H]1CCCC[NH+]1CCN/C(=C/c1ccc(-c2ccccc2)s1)C1CC1
524,C[C@@H]([NH2+]C[C@@H]1C[NH+]2CCN1CC2)c1ccc(-n2cnnn2)cc1,C[C@@H]([NH2+]Cc1cc(F)c(N2CCCCC2)cc1-c1ccc(-n2cnnn2)cc1)c1ccc(Cl)cc1
525,CN(/[NH+]=C(\N)c1cnccn1)C(=[NH2+])c1ncccn1,CN(/[NH+]=C(\N)c1cnccn1)C(=O)Nc1cccc2ccc(Cl)cc12
526,CC/[NH+]=C(/NCC1(O)CCOCC1)N1CC[C@H]([NH+]2CCCC2)C1,CC/[NH+]=C(/NCC1(O)CCCCC1)N1CC[C@H](c2ccc(Cl)cc2Cl)C1
527,C[C@@H]1C[NH+]2CCC[C@@H]2CN1C(=O)N1CC(C(=O)[O-])C1,C[C@@H]1C[NH+]2CCC[C@@H]2CN1C(=O)N1CCC(C(=O)c2ccc(-c3ccccc3)cc2)CC1
528,O=C([O-])[C@@H]1C=C[C@@H]([NH+]2CC3(CC3)C2)C1,O=C([O-])[C@@H]1C=C[C@@H]([C@@]2(C3CC3)CCCCC2)C1
529,Cn1cc[nH+]c1CN(CCO)C(=O)[C@@H]1CC2(CC[NH2+]CC2)CN1,Cn1cc[nH+]c1CN(CCO)C(=O)Nc1cccc(C2(C3CC3)CCCC2)c1
530,CN[C@@H](C[NH+]1CCCC1)C1CC[NH+](C)CC1,CN[C@@H](C[NH+]1CCCC1)C1CCC(c2c[nH]c3ccccc23)CC1
531,C[C@H]1[NH2+]CC[C@H]1C(=O)N[C@H]1C=C[C@@H](C(=O)[O-])C1,C[C@H]1[NH2+]CC[C@H]1C(=O)N[C@H]1C=C[C@@H](C(=O)c2cccc(OCc3ccccc3)c2)C1
532,CC(C)NC(=O)C[NH+]1CCC[C@H]1C(=O)[O-],CC(C)NC(=O)CNC(=O)C1CCCC1
533,Cc1ccc(NC(=O)CS[C@H]2[NH+]=c3cc[nH+]cc3=[NH+]2)cc1F,Cc1ccc(NC(=O)CS[C@H]2c3cc(F)ccc3N2c2cccc(Cl)c2)cc1F
534,CC[NH+](CC)CCN1C(N)=[NH+]C[C@@H]1c1cnn(C)c1C,CC[C@@H](C)CCN1C(=O)N(C)CC[C@@H]1c1cnn(C)c1C
535,COC(=O)[C@H]1[NH+]=c2cccc(OC)c2=C1NC(=O)C[NH+]1CCN(c2ccccc2F)CC1,COC(=O)c1ccc2c(c1)Oc1cccc(OC)c1/C2=C(\O)[C@@H]1CCN(c2ccccc2F)CC1
536,O=C([O-])[C@@H]1CS[C@]2(C(=O)[O-])CCC(=O)N12,CN(C(=O)C[C@@H]1CS[C@]2(C(=O)[O-])CCC(=O)N12)c1cc(Cl)c(Cl)cc1Cl
537,CC[NH+]1CCC[C@H]([NH2+][C@@H](C)CCCO)CC1,CC[C@H]1CCC[C@H]([NH2+][C@@H](C)CCCC2CCC2)C1
538,CC1(C)CCC[NH+](CC[C@@H]2CCC[C@]2([NH3+])C(=O)[O-])CC1,CC1(C)CCC[C@H](CC[C@@H]2CCC[C@]2(C)C)CC1
539,c1ccc2c(c1)CCSC[C@@H]2[NH2+]C[C@@H]1C[NH+]2CCN1CC2,c1ccc2c(c1)CCSC[C@@H]2[NH2+]Cc1ccc2cc(C3CCCCC3)sc2c1
540,Cc1ccc2c(c1)=C1S[C@H](C(=O)[O-])C=C1C(=O)[NH+]=2,Cc1cccc(N2C(=O)S[C@H](C(=O)[O-])C=C2C)c1
541,C[NH+]1CCC[C@@H](C[NH2+][C@@H]2CCC[C@@H]2[C@@H]2CCCC[NH2+]2)C1,C[C@H]1CCC[C@@H](C[NH2+][C@@H]2CCC[C@@H]2[C@@H]2CCCCc3cc(Cl)ccc32)C1
542,CC(=O)NC[C@@H]1C[NH+]2CCN1CC2,CC(=O)NC[C@@H]1CCC[C@@H]2CCCN12
543,C[C@@H]1NN=C(SCC(=O)C2=c3ccccc3=[NH+]C2)N(N)C1=O,C[C@@H]1NN=C(SCC(=O)C2=C(c3ccccc3)CCCC2)N(c2ccccc2)C1=O
544,C[C@H]1NN=C(SCC(=O)C2=c3ccccc3=[NH+]C2)N(N)C1=O,C[C@H]1NN=C(SCC(=O)C2=C(c3ccccc3)CCCC2)N(c2ccc(F)c(Cl)c2)C1=O
545,CCCOC[C@@H]([NH3+])[C@@H]1C[NH+](C)CCN1C,CCCOC[C@@H]([NH3+])[C@@H]1CCC(C)(C)CC1
546,CC(C)N1C(=O)C[C@@H]([NH+]2CC[C@H](C(=O)[O-])[C@@H]2C)C1=O,CC(C)N1C(=O)C[C@@H]2CCCC[C@H]2C1=O
547,[NH3+][C@@](C(=O)[O-])(c1ccc(P(=O)([O-])[O-])cc1)C1CC1,[NH3+][C@@](C(=O)[O-])(c1ccc(-c2ccc(Br)c([N+](=O)[O-])c2)cc1)C1CCCCC1
548,Cn1c(C[NH+](C)CCO)nnc1C1CC[NH+](Cc2c[nH]cn2)CC1,Cn1c(C[NH+]2CCC(c3[nH]cnc3-c3cccc(Br)c3)CC2)nnc1C1CC1
549,CS(=O)(=O)CC[C@H]([NH3+])C(=O)N[C@@H]1CONC1=O,CS(=O)(=O)CC[C@H]([NH3+])C(=O)N[C@@H]1CCCc2cc(C(C)(C)C)ccc21
550,O=C([O-])COCC[NH+]1CCCC1,Cc1ccccc1COCC[NH+]1CCCCC1
551,[NH3+][C@@H]1C(=O)N2C(C(=O)[O-])=C(C[n+]3ccn4ncccc43)CS[C@H]12,CC(C)C[C@@H]1C(=O)N2C(C(=O)c3ccccc3C[n+]3ccn4ncccc34)CS[C@H]12
552,O=C([O-])[C@H]1CC(=O)N(CCN2C[C@H](C(=O)[O-])CC2=O)C1,O=C([O-])[C@H]1CC(=O)N(CCN2C[C@H](C(=O)c3cccc(Cl)c3)c3ccccc32)C1
553,CCC[NH2+][C@H]1CC[C@@H]([NH+]2CCC(C[NH+]3CCCC3)CC2)C1,CCC[NH2+][C@H]1CC[C@@H]([C@H]2CCC[C@H]2C2CCCC2)C1
554,C[C@H]1[NH2+]CC[C@H]1C(=O)N1CC(C(=O)[O-])C1,C[C@H]1[NH2+]CC[C@H]1C(=O)N1CC(C(=O)c2c(Cl)ccc3ccccc23)CC1
555,CC(C)[NH2+]CCCC(=O)N1Cc2[nH+]c[nH]c2C[C@@H]1C(=O)[O-],CC(C)[C@H](C)CC(=O)N1Cc2[nH+]c[nH]c2C[C@@H]1C(=O)Nc1ccc(Cl)cc1Cl
556,C[C@@H]1C[C@@H](N)C[NH+](CC[C@@H]2CCCC[NH+]2C)C1,C[C@@H]1C[C@@H](Nc2ccccc2CC[C@@H]2CCCC[NH+]2C)C1
557,O=C([O-])[C@H]1CC(=O)N(CCC2=c3ccccc3=[NH+]C2)C1,O=C(c1ccccc1)C1CC(=O)N(CCc2ccccc2Cl)C1
558,C[NH2+][C@H](C)CCN1CC[NH+]2CCC[C@@H]2C1,CC(C)Cc1cc(OCCCCCN2CC[NH+]3CCC[C@@H]3C2)ccc1Cl
559,C[C@H]1[NH2+]CC[C@@H]1C(=O)N(C)CC[NH+]1CCCC1,C[C@H]1[NH2+]CC[C@@H]1C(=O)N(C)Cc1cc(C2CCCC2)ccc1Br
560,O=C([O-])[C@H]1Cc2[nH]c[nH+]c2CN1C(=O)NCc1nc[nH]n1,O=C(c1c[nH]c2ccccc12)[C@H]1CCCCN1C(=O)NCc1nc[nH]n1
561,C[C@@H]1SCCC[C@@]1(CO)[NH2+]CC[NH+](C)C,C[C@@H]1SCCC[C@@]1(CO)[NH2+]Cc1cc(C(C)(C)C)c(Cl)cc1Cl
562,Cc1ccc(C(=O)[O-])cc1-n1c(C)cc(C[NH+]2CC[C@@]([NH3+])(C(=O)[O-])C2)c1C,Cc1ccc(C(=O)[O-])cc1-n1c(C)cc(Cc2ccc(C(=O)NCc3ccc(Cl)cc3)cc2)c1C
563,CS(=O)(=O)NCCC[NH+]1CC[C@H](C[NH+]2CCCCC2)C1,CS(=O)(=O)NCCC1CCCCC1
564,O=C([O-])CC1C[NH+]([C@@H]2CCO[C@]3(CCOC3)C2)C1,O=C(Nc1ccc(Br)cc1)C[C@@H]1CCO[C@]2(CCOC2)C1
565,C[NH2+][C@H]1[C@@H](CN2CCC[NH+](C)CC2)C(C)(C)OC1(C)C,Cc1ccc([C@H]2[C@@H](CN3CCC[C@H](C)CC3)C(C)(C)OC2(C)C)o1
566,C[NH+](C)C[C@](C)(O)C[NH2+]C1CCN(c2cccc[nH+]2)CC1,Cc1ccc(CCC[C@](C)(O)C[NH2+]C2CCN(c3ccccc3)CC2)cc1
567,C(C[C@H]1C[NH2+]CCO1)[NH2+]C[C@@H]1CCOC1,CCC[C@H]1C[NH2+]CC[C@]1(C)CC[C@@H]1CCOC1
568,O=C1/C(=C\C2[NH+]=c3ccccc3=[NH+]2)C([O-])=NC(=S)N1C1CCCCC1,O=C1/C(=C\c2ccc(-c3ccccc3)cc2)C(c2ccccc2)=NC(=S)N1C1CCCCC1
569,CC(C)[C@H]([NH2+][C@@H](C)C[C@@H]1CCCC[NH2+]1)C(=O)[O-],CC(C)c1ccc(NC(=O)[C@@H](C)C[C@@H]2CCCC[NH2+]2)c(F)c1
570,CN(C)C[C@H]1CCC[NH+]1C[C@@H]1Cc2[nH+]c[nH]c2CN1,CN(Cc1csc(C2CCCC2)c1)C[C@@H]1Cc2[nH+]c[nH]c2CN1
571,CC(C)C12CN3CCN(CC(C3)/C1=N\N=C1/C3CN4CCN(C3)CC1(C(C)C)C4)C2,CC(C)C12CN3CC/C(C(C3)/C1=N\N=C1/C3CC4CC(CC3)CC1(C(C)C)C4)C2
572,[NH3+]C[C@H]1CC[C@H](C(=O)NCC[NH+]2CCCCCC2)O1,[NH3+]C[C@H]1CC[C@H](C(=O)NCc2sc(C3CCCCC3)cc2Cl)O1
573,CCC[NH2+][C@H](c1ccnn1CC)[C@@H]1C[NH+]2CCN1CC2,CCC[NH2+][C@H](c1ccnn1CC)[C@@H]1CCCN(c2cc3ccccc3s2)C1
574,O=C([O-])Cn1cc([C@@H](C(=O)[O-])[NH+]2CCCN(c3ncccn3)CC2)c2ccccc21,O=C([O-])Cn1cc([C@@H](C(=O)c2cccc(N3CCCCC3)c2)c2cnc3ccccc3c2)c2ccccc21
575,C/[NH+]=C(/NCC1CC1)N[C@H]1CC[NH+](CC2CC2)C1,C/[NH+]=C(/NCC1CCC(N(Cc2ccccc2)C2CCC2)CC1)NC1CC1
576,CN(C[C@@H]1CCC[NH+]1C)C1(C[NH3+])CCS(=O)(=O)CC1,CN(C[C@@H]1CCC[NH+]1C)C1(CSc2ccccc2)CCCCC1
577,C[C@@]1(C(=O)N[C@@H]2CONC2=O)COC[C@@H]1[NH3+],C[C@@]1(C(=O)N[C@@H]2CONC2=O)CCC[C@@H]1c1ccc(Br)cc1
578,C[NH+]1CCCN(CC[C@@H]2CCC[C@@]2(CO)[NH2+]C2CC2)CC1,CCN(CC1CCCN(CC[C@@H]2CCC[C@@]2(C)C)CC1)C1CC1
579,NC1=[NH+]C[C@H]([C@@H]2CCOC2)N1,CC1=C(C)CC[C@H]([C@@H]2CCOC2)N1
580,C[NH+]1[C@H]2CC[C@@H]1CN(C(=O)CS)CC2,C[C@@H](C1CC1)C[C@@H]1CN(C(=O)CS)CCS1
581,C[NH+]1CCC([C@@H]2CCC[NH2+]2)CC1,C[NH+]1CCC([C@@H]2CCCc3ccc(Br)cc32)CC1
582,C[NH2+]C[C@H](C)C(=O)N[C@@H](C)C[NH+]1CCCC1,Cc1cccc([C@H](C)C(=O)N[C@@H](C)C[NH+]2CCCC2)c1-c1ccccc1
583,CN(C[C@H]1CCC[NH+]1C)C[C@]([NH3+])(C(=O)[O-])c1ccccc1,CN(C[C@H]1CCC[NH+]1C)C(=O)N(Cc1ccc(C(F)(F)F)cc1)c1ccccc1
584,O=C(C[NH2+][C@@H]1CCc2ncnn2C1)NC1CC[NH+](C2CC2)CC1,O=C(Cc1cnc([C@@H]2CCc3ncnn3C2)s1)NC1CCC(CC2CC2)CC1
585,CN(CC(=O)[O-])C(=O)[C@@H]1CC[C@@H](C[NH3+])O1,CN(CC(=O)[O-])C(=O)[C@@H]1CC[C@@H](Cc2c(F)cccc2-c2cccs2)O1
586,CC[NH+]1CC[C@H](N(C)C(=O)NC2CC[NH+](C[C@H](O)COC)CC2)[C@H](C)C1,CC[C@H]1CC[C@H](N(C)C(=O)NC2CCCC2)C(C)C1
587,C[NH2+][C@]1(CO)CC[C@@H]([NH+]2CCCCC[C@H]2C)C1,C[NH2+][C@]1(CO)CC[C@@H](c2c(C3CCCCC3)cccc2Cl)C1
588,O=C([O-])[C@H]1CC[C@@H](C(F)F)[NH2+]1,O=C([O-])[C@H]1CC[C@@H](C(F)F)CC1
589,OCCC[C@H]1NN[C@H](SCC2[NH+]=c3ccccc3=[NH+]2)N1c1ccccc1,CCCC[C@H]1NN[C@H](SCc2cccc(-c3ccc(Cl)cc3)c2)N1c1ccccc1
590,CCn1nccc1C[NH+](C)C[C@@]1(O)CCC[NH+](C)C1,CCn1nccc1C[NH+](C)C[C@@]1(O)CCCc2cc(C)cc(-c3ccccc3)c21
591,C1CCC[NH+](C[C@H]2CCC[NH2+]2)CC1,C1CCC[NH+](CCCC2CCCCC2)C1
592,C[NH2+][C@]1(C(=O)[O-])CCC[C@@H]([NH+](C)C2CCCCCC2)C1,C[NH2+][C@]1(C(=O)c2ccccc2Cl)CCC[C@@H](CCC2CCCCCC2)C1
593,CCC[NH2+][C@@H]1CCC[C@H]([NH+]2CCC(C[NH+](C)C)CC2)C1,CCC[NH2+][C@@H]1CCC[C@H](SCCCC2CCCCC2)C1
594,NC(=[NH2+])[C@H]1CCC[NH+]([C@@H]2CCOC3(CCOCC3)C2)C1,NC(=O)c1ccccc1N1CCCC[C@H]1[C@@H]1CCOC2(CCOCC2)C1
595,O=C([O-])CC1=c2ccccc2=[NH+]C1,O=C([O-])CC1=C(c2ccccc2)CCCC1
596,CNS(=O)(=O)CCCN1CC[C@H]2CC[C@@H](C1)[NH+]2C,CNS(=O)(=O)CCCN1CCC(c2ccc(Cl)c(Cl)c2)CC1
597,CC[NH2+][C@@]1(C(=O)[O-])CCC[C@@H]([NH+](C)[C@@H](C)C2CC2)C1,CC[NH2+][C@@]1(C(=O)[O-])CCC[C@@H](c2ccc([C@@H]3CCC[C@]3(C)C)cc2)C1
598,CCOC(=O)NC(=O)C[NH+]1CC[C@@H](C(=O)[O-])[C@@H]1C,CCOC(=O)NC(=O)C[C@H]1CC[C@@H](C)CC1
599,NNC(=O)[C@H]1C[C@@H]2C[C@@H]3[C@H]4[NH+]=c5ccccc5=C4CCN3C[C@H]2C[C@H]1O,CNC(=O)[C@H]1C[C@@H]2C[C@@H]3[C@@H](c4cccc5ccccc45)CCCN3C[C@H]2C1
600,C[C@@H]1[NH2+]CCC[C@H]1C(=O)N[C@@H]1CCC[NH+](C)C1,C[C@@H]1[NH2+]CCC[C@H]1C(=O)Nc1cc(C2CCC2)ccc1Cl
601,O=C([O-])C[C@H](C(=O)OC[C@H]1CCCO1)[NH+]1CCOCC1,O=C([O-])C[C@H](C(=O)OC[C@H]1CCCO1)c1cc(Br)c(Cl)cc1Cl
602,O=C([O-])C[C@H](C(=O)OC[C@@H]1CCCO1)[NH+]1CCOCC1,O=C([O-])C[C@H](C(=O)OC[C@@H]1CCCO1)c1cc(Br)c(Cl)cc1Cl
603,Cc1ccc2c3c(sc2[nH+]1)C(=O)N(CC1[NH+]=c2ccccc2=[NH+]1)CN3,Cc1ccc2c3c(sc2[nH+]1)C(=O)N(CCCc1ccccc1-c1ccccc1)CC3
604,COCCCNC(=O)C[NH+]1CC[C@H](C(=O)[O-])[C@@H]1C,COCCCNC(=O)[C@H]1CCC[C@@H](C)C1
605,C[C@H](O)[C@H](C)[NH2+]C1(C(=O)[O-])CC1,C[C@H](O)[C@H](C)[NH2+]C1(C(=O)Nc2cc(Cl)c(Cl)cc2Cl)CC1
606,CC/[NH+]=C(/NCc1[nH+]ccn1C)N1CC[C@@H](O)C1,CC/[C@H]=C(/NCc1[nH+]ccn1C)N1CC[C@@H](Oc2ccccc2OC)C1
607,COc1cccc2c1=C1N=C[NH+]=C(N3C[C@]4(C)C[C@H]3CC(C)(C)C4)[C@H]1[NH+]=2,COc1cccc2c1c(/C=C/c1cccc(N3C[C@]4(C)C[C@H]3CC(C)(C)C4)c1)nc1ccccc12
608,CC[NH2+]Cc1cc(N2C[C@H]3CCC[NH+]3C[C@@H]2C)cc[nH+]1,CCc1ccc(Oc2cc(N3C[C@H]4CCC[NH+]4C[C@@H]3C)ccc2C)cc1
609,C[C@@H]1[C@H](C(=O)[O-])CCN1C(=O)[C@H]([NH3+])CCS(C)(=O)=O,C[C@@H]1[C@H](C(=O)[O-])CCN1C(=O)[C@H](c1ccccc1)SCCC(C)C
610,CCC[NH+]1CC2(CCN(C(=O)Cn3nnnc3C)CC2)C[C@H]1C(=O)[O-],CCC[C@H]1CC2(CCN(C(=O)Cn3nnc(-c4ccc(C)cc4)c3C)CC2)C1
611,C[NH2+]C[C@H](C)C(=O)N[C@H]1C=C[C@@H](C(=O)[O-])C1,CC(C)=CC[C@H](C)C(=O)N[C@H]1C=C[C@@H](C(=O)c2ccccc2)C1
612,CC1(C)CC[C@@H]([NH+]2CCC(C[NH+]3CCCC3)CC2)[C@@H]1[NH3+],CC1(C)CC[C@@H]([NH+]2CCC(CC3CCC3)CC2)CC1
613,C[C@H]1C[NH+]2CCC[C@H]2CN1C(=O)[C@@H]1C[NH2+]C[C@H](C)C1,C[C@H]1C[C@H]2CCC[C@H]2CN1C(=O)[C@@H]1C[C@H](C)C1
614,O=C1O[C@@H]([C@@H](O)[C@@H](O)CO)[C@@H](O)[C@@H]1O,O=C1O[C@@H]([C@@H](O)[C@@H](O)CO)[C@@H]1c1ccc(Cl)cc1Cl
615,C[C@H]1CCC[NH+](CCOCC[NH3+])CC1,C[C@@H]1CC[NH+](CCOCCc2ccc3ccccc3c2)CC1
616,C[C@@]1(C(=O)[O-])CCC[NH+]1c1nc[nH+]c2c1CCCCC2,C[C@@]1(C(=O)c2ccccc2)CCCN1c1nc[nH+]c2c1CCCC2
617,CC[NH2+][C@]1(CO)CC[C@H](N2CC[C@H]([NH+](C)C)C2)C1,CC[NH2+][C@]1(CO)CC[C@H](N2CC[C@H](c3ccc(C)cc3)[C@H](c3cccc(C)c3)C2)C1
618,CC[C@](C)([NH3+])C(=O)NC[C@](C)(O)C(=O)[O-],CC[C@](C)([NH3+])C(=O)NC[C@](C)(C)C(=O)Nc1cc(C)ccc1Br
619,CCC[NH+]1CCC[C@@H]([NH2+]CC2CCC(C(=O)[O-])CC2)CC1,CCC[C@H]1CCC[C@@H]([NH2+]CC2CCC(C(=O)Nc3ccc(Cl)c(C)c3)CC2)C1
620,C[C@@H]1C[C@H]([NH2+]Cc2nnn[n-]2)CS1,C[C@@H]1C[C@H]([NH2+]Cc2nnnn2-c2ccc(Cl)cc2Cl)CS1
621,O=C(C[NH+]1CCNCC1)N[C@@H]1CCS(=O)(=O)C1,O=C(C[C@H]1CCCCC1)N[C@@H]1CCS(=O)(=O)C1
622,CC[C@@H](C)[C@@H]1C[NH+]=C(N)N1CC[NH+](CC)CC,CC[C@@H](C)[C@@H]1C[NH+]=C(N)N1CCc1c(C(CC)CC)cccc1
623,CCc1nn(C)cc1C[NH2+]C[C@@H](O)C[NH+](C)C,CCc1nn(C)cc1C[NH2+]C[C@@H](O)Cc1ccc(Cl)cc1-c1ccc(Cl)cc1
624,O=C([O-])CN(CC(F)(F)F)C(=O)[C@H]1C[C@H]2CC[C@@H]1[NH2+]2,O=C([O-])CN(CC(F)(F)F)C(=O)Nc1cc(C2CC2)ccc1Cl
625,COC(=O)[C@H]1[NH+]=c2ccccc2=C2NC(=O)C(c3ccc(F)cc3)=NN2[C@H]1C(=O)OC,COC(=O)[C@H]1C(C(=O)c2ccccc2C)=C(Cl)C(c2ccc(F)cc2)=NN1c1ccc(OC(F)F)cc1
626,C[C@H]1C[NH+]2CCCC[C@@H]2CN1[C@@H]1CC[NH+]2CCC[C@H]12,C[C@H]1C[C@H]2CCCC[C@@H]2CN1[C@@H]1CC[NH+]2CCCC[C@@H]2[C@@H]1c1ccccc1
627,C[C@H](C(=O)[O-])[C@H](C)[NH+]1CC[C@H](N(C)C)C1,C[C@H](C(=O)[O-])[C@H](C)c1ccc2c(c1)CC(N(C)C)CC2
628,Cc1nc([C@@H]2CN3CC[NH+]2CC3)nc([O-])c1F,Cc1nc([C@@H]2CC[C@@H](C)CC2)nc([O-])c1F
629,C[C@](NC(=O)N1CCC[NH2+]CC1)(C(=O)[O-])C(F)(F)F,C[C@](NC(=O)N1CCCCC1)(C(=O)c1ccccc1Cl)C(F)(F)F
630,N[C@@H](c1cncnc1)[C@H]1C[NH+]2CCN1CC2,N[C@@H](c1cncnc1)[C@H]1CCCCC1
631,C[C@@H]1[C@@H](C(=O)[O-])CCN1C(=O)[C@]1([NH3+])CCOC1,C[C@@H]1[C@@H](C(=O)[O-])CCN1C(=O)[C@]1(Sc2ccccc2)CCCCC1
632,Cc1cc[nH+]c(N)c1[C@H](O)[C@H]1C[NH+](C)CCN1C,Cc1cc[nH+]c(N)c1[C@H](O)[C@H]1C[C@H](C)CCN1c1ccc(Cl)c(Cl)c1
633,C[NH+]1[C@H]2CC[C@@H]1CCN(C(=O)C(C)(C)/C(N)=N/O)C2,C/C(=C\c1ccc(Cl)cc1)C1CCN(C(=O)C(C)(C)/C(N)=N/O)CC1
634,c1cn(CCN[C@@H]2CC[NH2+]C2)c[nH+]1,c1cn(CCN[C@@H]2CC[NH2+]C2)cc1Oc1ccc(Cl)cc1
635,C[NH+](C[C@@H](O)C[NH3+])C1CCCC1,C[NH+](C[C@@H](O)Cc1cccc(C2CCCC2)c1)C1CCCC1
636,C[C@@H](NC(=O)N1CC[NH+]2CCCC[C@H]2C1)C(=O)[O-],C[C@@H](NC(=O)N1CC[NH+]2CCCC[C@H]2C1)c1ccc(-c2cc(Cl)ccc2Cl)cc1
637,C[NH+]1CCC[C@]2(CC1)CNC(=[NH2+])N2c1ccccc1F,C[C@H]1CCC[C@]2(CC1)CNC(=O)N2c1cc2ccccc2cc1F
638,C[NH+]1CCN(C(=O)CN2CCC[C@@H]([NH+]3CCCCCC3)C2)CC1,C[C@H]1CCN(C(=O)CN2CCC[C@@H](C(=O)N3CCCCC3)C2)CC1
639,CCC[NH2+]CC[NH+](C)CC(C)(C)O,CCC1CCC(CCC[NH+](C)CC(C)(C)O)CC1
640,C[NH+]1CCCC[C@H]1CNC1=[NH+]CCCC1,C[NH+]1CCCC[C@H]1CNc1ccc(C2CCCC2)cc1
641,CC/[NH+]=C(/NC[C@@H](C)N1CCOC[C@@H]1C)N1C[C@@H]2[C@H](C1)C[NH+]1CCCC[C@H]21,CC1CCC(C(=O)NC[C@@H](C)N2CCOC[C@@H]2C)CC1
642,CN(CC[NH+]1CCCC1)C(=O)[C@@H]1Cc2[nH+]c[nH]c2CN1,CN(CC[NH+]1CCCC1)C(=O)c1c(Cl)cc2[nH]ccc2c1C1CC1
643,CCn1nccc1[C@@H]([NH2+]C)[C@H]1C[NH+](C)CCN1C,CCn1nccc1[C@@H](C)C1CC1
644,C#CCNC(=O)C[NH+](CC(=O)[O-])C(C)(C)C,C#CCNC(=O)C[C@H](C)NC(=O)CCCC(C)(C)C
645,CC1=c2cc(C(=O)NCC[NH+]3CCCCCC3)ccc2=[NH+][C@H]1C,Cc1cc2cc(C(=O)NCC[C@H]3CCCCCC3)ccc2cc1Br
646,O=C([O-])[C@@H]1CC2(CCN(C(=O)CCCn3cc[nH+]c3)CC2)C[NH2+]1,Cc1ccccc1[C@@H]1CC2(CCN(C(=O)CCCn3ccc(Cl)c3)CC2)C1
647,C[C@H]1CC[NH+]1[C@@H]1CCC[C@@H]1[NH3+],C[C@H]1CC[NH+]1[C@@H]1CCC[C@@H]1c1ccc(Cl)cc1Cl
648,Cc1nnc(C[NH+](C)CC(=O)N[C@H](C)C[NH+]2CCC[C@H](C)C2)n1C,Cc1nnc(C(C)C)n1CCC(=O)N[C@H](C)C[C@H]1CCC[C@H](C)C1
649,C[C@@H]([C@@H](C)C(=O)[O-])N1C[C@H]2C[NH2+]C[C@@H]2[C@@H]1C,C[C@@H]([C@@H](C)C(=O)[O-])N1C[C@H]2C[C@H](C[C@@H]2[C@@H]1C)Cc1ccccc1
650,O=C(C[C@@H]1CSCC[NH2+]1)NC[C@H]1CC[C@@H](C(=O)[O-])O1,O=C(C[C@@H]1CSCC[NH2+]1)NC[C@H]1CC[C@@H](c2c(Cl)cccc2Br)C1
651,C[NH+](C)CCC[NH+](C)CCC(C)(C)O,C[NH+](C)CCC[NH+](C)CCC(C)(C)c1cc(-c2ccccc2)ccc1Cl
652,C[C@H](O)[C@@H](C)[NH+](CCO)CCO,C[C@H](O)[C@@H](C)[NH+](CCO)CCOc1c(Cl)cc(Cl)c(Cl)c1Cl
653,CCN1CC[NH+](C[C@@H](C)CNC(=O)N[C@H]2CCC[NH+](C)C2)CC1,CCN1CC[C@@H]([C@@H](C)CNC(=O)N[C@H]2CCC[C@@H](C)C2)C1
654,C[NH+]1CCC[C@H](C(=O)NC[C@@H](C2CC2)[NH+](C)C)C1,C[C@H]1CCC[C@H](C(=O)NC[C@@H](C2CCC2)N(C)C)C1
655,CC[NH+](CC)CC(=O)N(C)[C@@H]1CC[NH+](C)C[C@@H]1C,CC[NH+](CC)CC(=O)N(C)[C@@H]1CCC[C@H]1c1cccc(CCC(C)C)c1
656,CC[NH2+][C@@H](CCC(F)(F)F)[C@@H]1C[NH+]2CCN1CC2,CC[NH2+][C@@H](CCC(F)(F)F)C1CCN(c2ccc(C)cc2)CC1
657,CC[NH+](C)CC(=O)N(C)CCC[NH3+],CC[NH+](C)CC(=O)N(C)CCCc1ccc(-c2cccs2)cc1Cl
658,C[C@H](O)[C@H](C)[NH+](CCC(=O)[O-])C1CC1,C[C@H](O)[C@H](C)[NH+](CCC(=O)Nc1ccc(Cl)c(Cl)c1)C1CCCCC1
659,C1C[NH+](CCC2C[C@@H]3CC[C@H](C2)[NH2+]3)CCS1,c1c(NC2(CCCC3C[C@@H]4CC[C@H](C3)[NH2+]4)CCSCC2)ccc(F)c1
660,CCc1nnc(CN2C[C@@H]3CC[C@H](C2)[NH+](CCOC)C3)o1,CCc1nnc(CN2C[C@@H]3CC[C@H](C2)[C@H]3CCOc2cc(Cl)cc(Cl)c2)o1
661,C[C@@H]1C[NH+]2CCC[C@@H]2CN1C[C@]1(C)CCC[NH2+]1,C[C@@H]1C[NH+]2CCC[C@@H]2CN1C[C@]1(C)CCCc2ccc(-c3ccccc3)cc21
662,C[NH+]1CCCC[C@@H]1CNC(=O)C[C@@H]1CSCC[NH2+]1,C[C@H]1CCCC[C@@H]1CNC(=O)C[C@H]1CCSC1
663,CN1C(=O)[C@H]2CC[C@@H]1CN(C(=O)c1cnc3ncnn3c1[O-])C2,CCc1ccc([C@H]2CC[C@@H]3CN(C(=O)c4cnc5ncnn5c4-c4ccccc4)CN3C2)cc1
664,C[NH+]1CC2(CC[NH2+]CC2)C[C@@H]1C(=O)N1CCC(Oc2cc[nH+]cc2)CC1,Cc1cccc(C2(CCSCC3CCCC3)C[C@@H]2C(=O)N2CCC(Oc3cc[nH+]cc3)CC2)c1
665,C[NH+]1CC[C@H](C[NH2+][C@@H]2CCO[C@]3(CCSC3)C2)C1,Cc1ccc2c([C@H](C[NH2+][C@@H]3CCO[C@]4(CCSC4)C3)C3CC3)cccc2c1
666,C[NH+]1CCC(CN2CCC[NH+]3CCCC[C@@H]3C2)CC1,C[NH+]1CCC(CN2CCC(N(Cc3ccccc3)C3CCCC3)CC2)CC1
667,CC(C)[NH+](C)CC(=O)NC[C@H](C)[NH+](C)C1CC1,CC(C)[NH+](C)CC(=O)NC[C@H](C)c1ccc(CSC2CCCC2)cc1
668,O=C([O-])c1ccccc1C(=O)NCCC1=c2cc(Cl)ccc2=[NH+][C@H]1C(=O)[O-],O=C(/C=C/c1ccccc1C(=O)NCCc1cccc(Cl)c1)c1ccc(Cl)cc1Cl
669,O=C1NC=N[C@H]2C[NH2+]CC[C@@H]12,O=C1NC=N[C@H]2C[C@@H](C(F)(F)F)CC[C@@H]12
670,COC(=O)[C@H]1[NH+]=c2ccc(C)cc2=C1NC(=O)C[NH+]1CCN(c2ccccc2)CC1,COC(=O)c1cccc(NC(=O)c2cc(C)ccc2Cl)c1O[C@@H]1CCCN(c2ccccc2)C1
671,C[C@H]([NH3+])CCC[NH+](C)CCS(C)(=O)=O,C[C@H]([NH3+])CCC[C@@H](CCCS(C)(=O)=O)C(C)C
672,C[C@@]([NH3+])(CO)CCCN1CC[NH+]2CCC[C@@H]2C1,C[C@@]([NH3+])(CO)CCCN1CCC(c2ccccc2)CC1
673,CC[C@@](C)([NH2+]CC(=O)N[C@]1(C)CCS(=O)(=O)C1)C(=O)[O-],CC[C@@](C)(C)c1cc(C(=O)N[C@]2(C)CCS(=O)(=O)C2)c(Cl)cc1Cl
674,Cn1cc(CCC[NH+](C)Cc2cc3n(n2)CCC[NH+](C)C3)cn1,Cn1cc(CCCc2ccc(N(Cc3cc4n(n3)CCC4)C(C)C)s2)cn1
675,CC[NH2+][C@@]1(C(N)=O)CCC[C@H](N(C)C[C@@H]2CC[NH+](C)C2)C1,CCc1ccc([C@@]2(C(N)=O)CCC[C@H](N(C)C[C@@H]3CC[C@H](C)C3)C2)cc1
676,CC[NH2+][C@@]1(C(=O)[O-])CCC[C@H]1CC[NH+]1CCCCC1,CC[NH2+][C@@]1(C(=O)OCC)CCCC[C@H]1CCOC1CCCCC1
677,CCC[NH2+][C@](C)(CN1C[C@@H]2CCCC[NH+]2C[C@@H]1C)C(N)=O,CCC[NH2+][C@](C)(CN1C[C@@H]2CCCC[C@H]2C[C@@H]1C)C(=O)c1ccccc1F
678,C[NH2+]C(C)(C)c1nc([C@H]2C[NH+](C)CCN2C)no1,CC(C)CCC(C)(C)c1nc([C@H]2C[C@H](C)CCN2C)no1
679,CCc1nn(C)cc1C[NH2+]C[C@@H]1C[NH+](C)CCN1C,CCc1nn(C)cc1CN1CCC(C(C)C)CC1
680,Cc1noc(C[NH+]2CCC[C@H]2C(=O)[O-])n1,Cc1noc(C[NH+]2CCC[C@H]2C(=O)c2ccc3cc(-c4ccc(Cl)cc4)sc3c2)n1
681,C[NH+]1CC[C@@H](N2CC3(CCC2=O)CC[NH+](Cc2c[nH]cn2)CC3)C1,C[C@H]1CCC[C@H](N2CC3(CCC2=O)CC[C@H](Cc2c[nH]cn2)C3)[C@@H]1C
682,CCOC(=O)[C@@]1(CC)C[C@H](CSC2[NH+]=c3ccccc3=[NH+]2)OC1=O,CCOC(=O)[C@@]1(CC)C[C@H](CSc2ccc(Br)cc2)Oc2ccccc21
683,CC(C)[NH2+][C@@](C)(CO)CN(C)C[C@@H]1CCC[NH+]1C,CC(C)[NH2+][C@@](C)(CO)CN(C)C[C@@H]1CCCc2ccc3ccccc3c21
684,CC[NH+](CC)C[C@H](F)C(=O)[O-],CC[NH+](CC)C[C@H](F)C(=O)c1cc(Br)ccc1Br
685,CC[NH2+][C@H](C1CCCC1)[C@H]1C[NH+]2CCN1CC2,CC[NH2+][C@H](C1CCCC1)[C@H]1CCCC[C@H]1C(C)(C)C
686,Nc1cc(C2CC2)[nH+]c([C@@H]2C[NH+]3CCN2CC3)n1,Nc1cc(C2CC2)[nH+]c([C@@H]2CCN(c3ccc(Br)cc3)C2)n1
687,CC1=C[C@@H]([C@H]2NN[C@H](S)N2/N=C/C2=c3ccccc3=[NH+]C2)N=N1,CC1=C[C@@H]([C@H]2NN[C@H](S)N2/N=C/c2ccccc2)[C@@H](c2cc(Br)ccc2Br)N=N1
688,CC[C@@H](CO)[NH2+][C@H](C)[C@@H]1CCC[NH+](C)C1,CC[C@@H](CO)[NH2+][C@H](C)[C@@H]1CCC[C@H](SSc2ccccc2)C1
689,C/[NH+]=C(/NCc1[nH+]ccn1C)N[C@@H](C)COC,C/[C@H]=C(/NCc1[nH+]ccn1C)N[C@@H](C)COCc1ccc(Cl)cc1
690,COC(=O)[C@H](CC1=c2ccccc2=[NH+]C1)NC(=O)[C@H]1[NH+]=NC(=O)c2ccccc21,COC(=O)[C@H](Cc1cc2ccccc2cc1C)NC(=O)c1ccccc1Cl
691,[NH3+]C[C@](O)(CN1CC[NH+]2CCCC[C@H]2C1)C1CC1,[NH3+]C[C@](O)(CN1CCc2cccc(OCC3CCCC3)c2C1)C1CC1
692,CCN1CCO[C@H](C[NH+]2CCCCC[C@@H]2C(=O)[O-])C1,CCN1CCO[C@H](Cc2c(C)cccc2OC2CCCCC2)C1
693,CCc1cc(C[C@H]([NH2+]C)[C@@H]2C[NH+](C)CCN2C)n(C)n1,CCc1cc(C[C@H](c2ccco2)[C@@H]2C[C@H](C)CCN2C)n(C)n1
694,COC(=O)c1ccc2c(c1)=[NH+][C@H](c1cn(CCC(=O)[O-])c3ccccc13)[NH+]=2,COC(=O)c1ccc2c(-c3cc(Cl)cc(C)c3)cn(CCC(=O)c3cccc4ccccc34)c2c1
695,CC[NH+]1CC[C@@H](CNCc2ccc([O-])c[nH+]2)C1,CC[NH+]1CC[C@@H](CNCc2ccc(Oc3ccc(Br)cc3)c(Cl)c2)C1
696,Cc1nnc(C[NH+]2[C@H]3CC[C@@H]2CC(CC(=O)[O-])C3)n1C,Cc1nnc(Cc2ncc3ccccc3c2[C@@H]2CC(CC(=O)[O-])C2)n1C
697,CCCN[C@@H](c1ccc[nH+]c1N)[C@H]1C[NH+]2CCN1CC2,CCCN[C@@H](c1ccc[nH+]c1N1CCC(C)CC1)C1CCC1
698,C1C[NH2+][C@H]([C@H]2CCCC[C@H]2[NH2+]CCC[NH+]2CCCC2)C1,C[C@H]1CC[C@H]([C@H]2CCCC[C@H]2[NH2+]CCC[C@H]2CCCC2)C1
699,C[NH2+][C@@H]([C@H]1CCC[C@H](C)C1)[C@@H]1C[NH+]2CCN1CC2,C[NH2+][C@@H]([C@H]1CCC[C@H](C)C1)[C@@H]1Cc2ccccc2N1CC1CCCC1
700,C[NH+]1CCC[C@@]2(CC1)C[NH+]=C(N)N2c1ccccc1Cl,CC(C)C1(C)[C@@]2(CC1)C[C@H]=C(N)N2c1ccccc1Cl
701,O=C(CSC1[NH+]=c2ccccc2=[NH+]1)N[C@H]1N=C2CCCC[C@@H]2S1,O=C(CSc1ccc(Cl)cc1Cl)Nc1ccccc1N[C@H]1N=C2CCCC[C@H]2S1
702,Cc1nnc(NC(=O)C[NH+](C)CC2CC[NH+](CCO)CC2)s1,Cc1nnc(NC(=O)CC2CCC(C)CC2)s1
703,C[C@H]([NH3+])C(C)(C)C[NH+]1[C@H]2CC[C@@H]1CC(O)C2,C[C@H]([NH3+])C(C)(C)CC1C[C@@H]2CCCC[C@@H]2C1
704,O=C([O-])[C@@H]1CC[C@]2(CC[NH2+]C2)C1,O=C(c1cc([C@@H]2CC[C@]3(CC[NH2+]C3)C2)ccc1Br)C1CC1
705,C[C@@H]1CC[NH+]1[C@H](C(=O)[O-])C1CC1,C[C@@H]1CC[NH+]1[C@H](C(=O)Nc1cc(Cl)c(Cl)cc1Cl)C1CC1
706,CC(C)[NH2+][C@@](C)(CCN1C[C@H]2CCC[NH+]2C[C@@H]1C)C(N)=O,CC(C)[NH2+][C@@](C)(CCN1C[C@H]2CCC[C@H]2C[C@@H]1C)C(=O)c1ccccc1
707,Cn1cc(C[NH+]2CCC[C@@](O)(c3[nH+]ccn3C)CC2)cn1,Cc1cc(C)cc(CN2CC[C@@](O)(c3[nH+]ccn3C)CC2)c1
708,N#C[C@@H]1CN(C(=O)N[C@@H](Cc2c[nH+]c[nH]2)C(=O)[O-])CCO1,N#C[C@@H]1CN(C(=O)N[C@@H](Cc2ccc(Cl)cc2Cl)C(=O)c2ccc(Cl)cc2)CCO1
709,CO[C@H]1C[C@H](C(=O)[O-])N(C(=O)[C@H]2C=C[C@@H]([NH3+])C2)C1,CO[C@H]1C[C@@H](c2ccccc2)N(C(=O)[C@H]2C=C[C@@H](C)C2)C1
710,C[C@H](C[C@@](C)(O)C[NH3+])N(C)C[C@@H]1CCC[NH+]1C,C[C@H](C[C@@](C)(O)C[NH3+])N(C)C[C@@H]1CCCc2ccc3ccccc3c21
711,CC[NH2+][C@H](C)c1nc([C@@H]2C[NH+](C)CCN2C)no1,CC[NH2+][C@H](C)c1nc([C@@H]2CCN(c3cc(Cl)ccc3Cl)C2)no1
712,CC1(C)CCSC[C@@H]1[NH+]1CCNC(=O)[C@@H]1CC(=O)[O-],CC1(C)CCSC[C@@H]1[NH+]1CCNC(=O)[C@@H]1CC(c2ccccc2)c1ccccc1
713,C[NH2+]C[C@@H](C)C(=O)NCC(C)(C)N1CC[NH+](C)CC1,Cc1ccc(C[C@@H](C)C(=O)NCC(C)(C)N2CCC(C)CC2)cc1
714,CC[NH+](C)CCNC(=O)N1CCO[C@H](CC(=O)[O-])C1,CCC(CC)(C)CCNC(=O)N1CCO[C@H](CC(=O)Nc2c(Cl)cccc2C)C1
715,C[NH+](CC(C)(C)C(=O)[O-])[C@@H]1CCCC[C@@H]1C[NH3+],C[C@H](CC(C)(C)C)OC(=O)CC[C@@H]1CCCC[C@@H]1C[NH3+]
716,CN(C)CC[NH2+][C@@H]1CS(=O)(=O)C[C@@H]1O,CN(C)CC[C@H]([C@@H]1CS(=O)(=O)C[C@@H]1O)c1ccc(Cl)cc1
717,CC(C)C1C[NH+](C[C@H]([NH3+])[C@H](C)O)C1,CC(C)C1C[NH+](C[C@H](c2ccccc2Cl)C(C)C)C1
718,CC(C)C1C[NH+](C[C@H]([NH3+])[C@@H](C)O)C1,CC(C)C1C[NH+](C[C@H](c2ccc(F)cc2)C(C)C)C1
719,Cc1[nH]cnc1C[NH+]1C[C@@H]2CC[C@H](C1)N(C(=O)c1cnn(C)c1)C2,Cc1[nH]cnc1Cc1cccc([C@@H]2CC[C@H](C)C2(C(=O)c2cnn(C)c2)C2CC2)c1
720,C[C@H]1C[NH+](CCC(=O)[O-])C[C@@H]1C,C[C@H]1C[NH+](CCC(=O)c2ccc(Br)c3ccccc23)C[C@@H]1C
721,CC[NH2+][C@H](C)c1cnc([C@H]2C[NH+]3CCN2CC3)nc1C,CC[NH2+][C@H](C)c1cnc(-c2ccc(N3CCCCCC3)cc2)nc1C
722,C[C@@H]1[C@@H](C(=O)[O-])CC[NH+]1CC(=O)N(C)C1CC1,C[C@@H]1CCCC[C@@H]1C(=O)N[C@H](C)CC(=O)N(C)C1CC1
723,CN(C(=O)[C@H]1Cc2[nH+]c[nH]c2CN1)C1CC[NH+](C)CC1,CN(C(=O)[C@H]1Cc2[nH+]c[nH]c2CN1)C1CCN(c2c(Cl)cc(Cl)cc2Cl)CC1
724,CCC[NH2+][C@H](CCN1C[C@@H]2CCCC[NH+]2C[C@@H]1C)C(N)=O,CCC[NH2+][C@H](CCN1C[C@@H]2CCCC[C@H]2C[C@@H]1C)CC(C)C
725,O=C(C[NH+]1CCC[C@H]1Cn1cncn1)N[C@@H]1CCCCNC1=O,O=C(C[C@H]1CCC[C@H]1Cn1cncn1)N[C@@H]1CCCc2sccc21
726,CC(=O)NC1CC[NH+](CC[C@H]2CCC[NH+]2C)CC1,CC(=O)NC1CC[NH+](CC[C@H]2CCCc3cc(-c4ccccc4F)ccc32)CC1
727,CC[NH+]1CCC(Cn2cc(C[NH+]3CCC[C@H](C(N)=O)C3)nn2)CC1,CC[NH+]1CCC(Cn2cc(CNC(=O)Nc3ccc(C(C)(C)C)cc3)nn2)CC1
728,O=C(CS[C@@H]1N=C(c2cccc(Cl)c2)N=C2CC(=O)NN21)NCCC1[NH+]=c2ccccc2=[NH+]1,O=C(CS[C@@H]1N=C(c2cccc(Cl)c2)N=C2SC(=O)N(c3c(Cl)cc(Cl)cc3Cl)N21)Nc1ccccc1
729,O=C(NC[C@@H]1CC[C@H](C(=O)[O-])O1)[C@@H]1CCC[NH2+]C1,O=C(NC[C@@H]1CC[C@H](C(=O)Nc2ccccc2Cl)O1)C1CCCC1
730,CNC(=O)n1cc(Br)c(/C(N)=[NH+]/N(C)C(=O)[O-])n1,CNC(=O)n1cc(Br)c(/C(N)=C/c2ccc(C)c(Br)c2)n1
731,O=C1NOC[C@H]1NC(=O)[C@@H]1C[C@H]1C(=O)[O-],O=C1NOC[C@H]1NC(=O)[C@@H]1C[C@H]1C(=O)c1ccccc1Oc1ccccc1
732,CC[NH+]1CCN([C@@H]2CC[C@@](CO)([NH2+]C3CC3)C2)CC1,CC[NH+]1CCN([C@@H]2CC[C@@](C)(Oc3ccc(C4CC4)c4ccccc34)C2)CC1
733,CN1CC[NH+](C)C[C@@H]1[C@H](O)Cc1ncnn1C,CC[C@]1(C)CCCC[C@@H]1[C@H](O)Cc1ncnn1C
734,CC(C)CN(CC[NH+](C)C)[C@@H]1CCC[C@]([NH3+])(C(=O)[O-])C1,CC(C)CN(CCOC(=O)c1ccccc1)C1CCC[C@](C)(C)C1
735,[NH3+][C@H]1CCCCC[C@@H]1C(=O)N[C@@H](CCO)C(=O)[O-],CC(C)C[C@H]1CCCCC[C@@H]1C(=O)N[C@@H](CCO)C(=O)Nc1ccccc1Cl
736,CC[NH2+][C@]1(C(=O)[O-])CCC[C@H]([NH+]2CCC[C@@H]2C(C)C)C1,CCCN(CC(=O)C1CCC1)[C@H]1CCC[C@H]([NH+]2CCC[C@@H]2C(C)C)C1
737,CC(C)[NH2+][C@]1(C(=O)[O-])CC[C@@H]([NH+](C)[C@@H](C)C(C)C)C1,CC(C)[NH2+][C@]1(C(=O)[O-])CC[C@@H](c2cc(C(C)C)ccc2C)C(C)(C)C1
738,CN(CC(=O)N(C)CCC[NH3+])C[C@H]1CCC[NH+]1C,CN(CC(=O)N(C)CCCc1ccccc1Br)CC1CCC1
739,C[NH+]1CCC(NC(=O)N[C@H]2C=C[C@H](C(=O)[O-])C2)CC1,CC(C)C1CCC(NC(=O)N[C@H]2C=C[C@H](C(=O)c3ccccc3)C2)CC1
740,C[NH+]1CCC(NC(=O)N[C@@H]2C=C[C@H](C(=O)[O-])C2)CC1,CC(C)C1CCC(NC(=O)N[C@@H]2C=C[C@H](C(=O)c3cc(Cl)ccc3Cl)C2)CC1
741,COc1cc(CC(=O)[O-])cc([C@H]([NH3+])C(=O)[O-])c1O,COc1cc(CC(=O)[O-])cc([C@H](C)Nc2ccc(Br)cc2)c1O
742,C[NH+]1CCCN(C[C@@H]2C[NH+](Cc3ccc(F)c(F)c3F)C[C@@H]2CO)CC1,C[C@H]1CCCN(C[C@@H]2C[C@@H]2c2ccc(F)c(F)c2F)C1
743,COC(=O)[C@H]1[NH+]=c2cc(C)ccc2=C1NC(=O)C[NH+]1CCN(c2ccccc2F)CC1,COC(=O)c1ccc2[nH]ccc2c1NC(=O)N(Cc1cccc(C)c1)C1CCN(c2ccccc2F)CC1
744,C[C@H]1CN[C@H](C(=O)N2CCN3C(=O)NC[C@@H]3C2)C[NH2+]1,C[C@H]1C[C@@H](C(=O)N2CCN3C(=O)NC[C@@H]3C2)C[C@@H]1c1ccc(Br)cc1
745,O=C(Nc1ccc(C2[NH+]=c3ccccc3=[NH+]2)cc1)[C@@H]1CCC[NH+]1Cc1ccccn1,O=C(Nc1ccc(C2CC2)cc1)c1ccccc1Nc1ccc(-c2ccccn2)cc1
746,C[C@H]1C[NH+](/C=C\C(=O)[O-])C[C@@H]1C,C[C@H]1C[NH+](/C=C\C(=O)c2c(Cl)ccc3ccccc23)C[C@@H]1C
747,O=C([O-])[C@H]1CCC[NH+]1CCn1ccnc1,C[C@@H]1CCCC[C@H]1NC(=O)CCn1ccnc1
748,C=CCN(CC(=O)[O-])C(=O)[C@@]1([NH3+])CCOC1,C=CCN(CC(=O)[O-])C(=O)[C@@]1(c2ccccc2Cl)CCCC1
749,CC(C)[NH+]1CCC[C@H](C(=O)Nc2ccc(C3[NH+]=c4ccccc4=[NH+]3)cc2)C1,CC(C)[C@H]1CCC[C@H](C(=O)Nc2ccc([C@H](C)c3cc4ccccc4s3)cc2)C1
750,CC[NH+](CCN1CCNC1=O)CC1CC[NH2+]CC1,CC1CCC(CCCN2CCNC2=O)CC1
751,C=C(NC1=c2cc(Br)ccc2=[NH+][C@@H]1C(=O)OCC)[NH+](C)C,C=C(NC)c1ccc(Br)cc1[C@H]1C[C@@H]1C(=O)OCC
752,O=C(CCC1=c2ccccc2=[NH+]C1)N1CCN(C(=O)CCC2=c3ccccc3=[NH+]C2)CC1,O=C(CCc1cccc(-c2ccccc2)c1)N1CCN(C(=O)CCC2=C(c3ccccc3Cl)Sc3ccccc32)CC1
753,CC[NH2+][C@@]1(C(=O)[O-])CC[C@H](N2CCS(=O)(=O)CC2)C1,COCCCCC(=O)OC1CC[C@]2(CC1)C[C@H](N1CCS(=O)(=O)CC1)C2
754,CN(C(=O)C1CC1)[C@@H]1[C@H]2[C@@H]3CC[NH+]2C[C@H]1O3,CN(C(=O)C1CC1)C1CCC1
755,Oc1ccc(/C=N/NC2=N[C@H]3[NH+]=c4ccccc4=C3N=[NH+]2)cc1,Oc1ccc(/C=N/Nc2cc(Cl)c3c(-c4ccccc4Cl)csc3c2)cc1
756,CCC[NH+]1CC2(CC[NH+](C)CC2)C[C@@H]1C(=O)N1CCc2n[nH]cc2C1,CCC[NH+]1CC2(CC[C@@H](C)C2)C[C@@H]1C(=O)N1CCc2nc(-c3ccccc3Cl)ccc2C1
757,CCC[NH+]1CC2(CC[NH+](C)CC2)C[C@H]1C(=O)N1CCc2n[nH]cc2C1,Cc1ccc(N2CC3(CC[C@H](C)CC3)C[C@H]2C(=O)N2CCc3n[nH]cc3C2)cc1
758,CC(C)[NH+](C)CCOCC[NH3+],CC(C)[NH+](C)CCOCC/C=C/c1ccc(Br)cc1
759,C=C1NN(C)[C@@H]2C(=O)C(=O)[C@@H]2N(C)N1,C=C1NN(C)[C@@H]2C(=O)C(=O)[C@@H]2N1c1ccc(Cl)cc1Cl
760,C/[NH+]=C(/NCC1([NH+](C)C)CCOCC1)N1CC[C@H](CN2CCOCC2)C1,C/C(=C/C(=O)NC1(c2c(C)cccc2C)CC1)N1CC[C@H](CN2CCOCC2)C1
761,C/[NH+]=C(/NCC1([NH+](C)C)CCOCC1)N1CC[C@@H](CN2CCOCC2)C1,C/[C@H]=C(/NCC1(c2ccc(Cl)cc2)CC1)N1CC[C@@H](CN2CCOCC2)C1
762,C[NH+]1C[C@@H]2CC[C@H](C1)N(C(=O)c1cc(C(C)(C)C)[nH]c(=O)n1)C2,COc1ccc([C@@H]2CC[C@H](C)CN2C(=O)c2cc(C(C)(C)C)[nH]c(=O)n2)cc1Cl
763,O=C(CS[C@@H]1NN=C(C2=c3ccccc3=[NH+]C2)N1C[C@@H]1CCCO1)N[C@@H]1CCS(=O)(=O)C1,O=C(CS[C@@H]1NN=C(C2=C(c3ccccc3)CCCC2)N1C[C@H]1CCCO1)c1ccccc1Cl
764,CC(C)(C)[C@@H]([NH3+])Cc1nc([C@H]2C[NH+]3CCN2CC3)no1,CC(C)(C)[C@@H]([NH3+])Cc1nc([C@H]2CCCN(c3ccccc3)C2)no1
765,CC1(C)CC(=O)C2=C(C1)N[C@H]1N=NC(O)=C1[C@H]2C1[NH+]=c2ccccc2=[NH+]1,CC1(C)CC(=O)C2=C(C1)N[C@H]1N=NC(c3ccc(Cl)c4ccccc34)=C1[C@@H]2c1ccc(C)cc1
766,COCC[NH+](C)[C@H](C)[C@@H](C)C(=O)[O-],COCC[NH+](C)[C@H](C)[C@@H](C)C(=O)c1cc2cc(Cl)ccc2cc1
767,COc1cccc(C[NH+](C)[C@@H](C)C(=O)/[NH+]=C2\C=CC3=NC([O-])=NC3=C2)c1,COc1cccc(C[NH+](C)[C@@H](C)C(=O)c2sc(-c3ccc(Cl)c(Cl)c3)cc2C)c1
768,O=C(C[NH+]1C[C@H]2CC[C@@H]1CN(C1Cc3ccccc3C1)C2)N1CCNCC1,O=C(Nc1ccccc1)N1CCC([C@@H]2CN(C3Cc4ccccc4C3)C2)CC1
769,Cn1cncc1[C@H]1C[NH+]=C(N)N1,Cn1cncc1C1CCC1
770,CC[NH2+][C@H](CCC(C)C)[C@H]1C[NH+]2CCN1CC2,CC[NH2+][C@H](CCC(C)C)[C@H]1CC[C@@H](C)CC1
771,CC(C)(C[NH3+])NC(=O)c1nnn[n-]1,CC(C)(C)c1ccc(NC(=O)c2nnn[n-]2)cc1
772,C[C@H](CNC(=O)[C@H]1CC[NH2+][C@@H]1C)C[NH+]1CCCC1,C[C@H](CNC(=O)[C@H]1CC[NH2+][C@@H]1C)c1c(C2CCCCC2)cccc1Cl
773,CC[NH2+][C@@H](c1ccsc1)[C@H]1C[NH+]2CCN1CC2,CC[NH2+][C@@H](c1ccsc1)[C@H]1CCCC[C@@H]1CCC1CC1
774,N#C[C@]1(C2(O)C[NH2+]C2)C[C@H]2CC[C@@H]1O2,N#C[C@]1(C2(CCC2)C2CC2)CC[C@H]2CC[C@@H]1O2
775,O=C(C[C@H]1CSCC[NH2+]1)N[C@@H]1CONC1=O,O=C(C[C@H]1CSCC[NH2+]1)N[C@@H]1CONc2ccc(-c3ccc(Cl)cc3)cc21
776,CCC[NH2+][C@@H](CC[C@H]1CCCO1)[C@@H]1C[NH+]2CCN1CC2,CCC[NH2+][C@@H](CC[C@H]1CCCO1)[C@@H]1CC2(CCCCC2)Cc2ccccc21
777,CC[NH+](CC)CCN1C(N)=[NH+]CC12CCCC2,CC[NH+](CC)Cc1cc(N)c(N2CCCC23CCCCC3)s1
778,C[C@@H]1C[C@@](C[NH3+])(N2CC[NH+]3CCC[C@@H]3C2)CCO1,C[C@@H]1C[C@@](C[NH3+])(N2CCC(Cc3cccc(F)c3)CC2)CCO1
779,CCCC[NH+](CC)[C@H]1CCC[C@]([NH3+])(C(=O)[O-])C1,CCCC[NH+](CC)[C@H]1CCC[C@](Cc2cccc(C(F)(F)F)c2)(C)C1
780,C[C@]1(C[NH2+]CCN2CC[NH2+]CC2)CCCO1,C[C@]1(C[NH2+]CCN2CCN(c3c(Cl)cc(Cl)cc3Cl)CC2)CCCO1
781,C[NH2+][C@](C)(CO)CC[NH+]1CCC(C)(C)C1,Cc1ccccc1OC(C)(C)CCC[NH+]1CCC(C)(C)C1
782,O=C([O-])[C@@H]1[NH2+]CCc2[nH]c(-c3ccc(N4CC[NH2+]CC4)cc3)nc21,O=C(Nc1ccccc1)[C@@H]1CCCc2[nH]c(-c3ccc(N4CCCCC4)cc3)nc21
783,OC1CC[NH+](CC[C@H]2CCC[NH2+]C2)CC1,OC1CC[NH+](CC[C@@H]2CCCC[C@@H]2c2c(Br)cccc2Br)CC1
784,O=C(NCCCC1[NH+]=c2ccccc2=[NH+]1)C1CCN([C@H]2N=N[C@@H](N3CCCC3=O)S2)CC1,O=C(NCCCC1(c2cccc3ccccc23)CCCC1)C1CCN([C@H]2N=N[C@@H](c3ccccc3)S2)CC1
785,C[NH+](C)CCC[NH2+][C@@H]1CCCC[C@@H]1[C@@H]1CCCC[NH2+]1,C[NH+](C)CCCc1ccc([C@@H]2CCCC[C@@H]2[C@@H]2CCCCC2)cc1
786,CC(C)[NH+]1CCN(C(=O)[C@@H]2Cc3[nH+]c[nH]c3CN2)CC1,CC(C)c1c(C2CCN(C(=O)[C@@H]3Cc4[nH+]c[nH]c4CN3)CC2)cccc1Cl
787,C[NH+]1CCCN(C[C@H]2C[C@H](CO)C[NH+](Cc3nc4ccccc4[nH]3)C2)CC1,O=C(NCC1CCN(C[C@H]2C[C@H](CO)C[C@H](Cc3nc4ccccc4[nH]3)C2)CC1)c1ccc(F)cc1
788,C[C@@H](C[C@H]1CCC[NH2+]1)[NH2+]C[C@@H](C)CO,C[C@@H](C[C@H]1CCC[NH2+]1)[NH2+]C[C@@H](C)Cc1ccc(OCc2ccccc2)cc1
789,CC[C@@H](C(=O)[O-])N(C)C(=O)c1cn(C2C[NH2+]C2)nn1,CC[C@@H](C)[C@H](C)N(C)C(=O)c1cn(C2CC(C)(C)C2)nn1
790,CC(C)[NH+](CCCNC1=[NH+]CCN1)C(C)C,CC(C)[NH+](CCCNc1cc2ccccc2s1)C(C)C
791,C1CC[NH+](CC[NH2+][C@H]2CCC[C@H]2[C@@H]2CCCC[NH2+]2)CC1,C1CC[C@H](CC[NH2+][C@H]2CCC[C@H]2[C@@H]2CCCC[C@@H]2C)C1
792,CCN(CC(=O)[O-])C(=O)[C@@H]1CC[NH2+][C@@H]1C,CCN(CC(=O)NC(C)C)C(=O)[C@@H]1CCCC[C@@H]1C
793,CC(C)[C@H](NC(=O)[C@@H]1CC2=c3ccccc3=[NH+][C@H]2[C@@H]2c3ccccc3C(=O)N12)C(=O)N[C@H](C)C(=O)[O-],CC(C)[C@H](NC(=O)[C@@H]1CC2=C(c3ccccc3[N+](=O)[O-])[C@H]2C[C@H]1c1ccccc1Cl)C(=O)Nc1ccccc1
794,C=CC[NH+](CC(=O)[O-])[C@@H]1CCCOC1,C=CC[NH+](Cc1ccccc1C)[C@@H]1CCCOC1
795,CCn1cc[nH+]c1CC(=O)[C@@H]1C[NH+](C)CCN1C,CCn1cc[nH+]c1CC(=O)[C@@H]1C[C@H](C)CCN1c1ccc(Cl)cc1Cl
796,COCC[C@H]([NH3+])C(=O)N1CC(n2cc(C(=O)[O-])nn2)C1,COCC[C@H](C)C(=O)C(=O)N1CC(n2cc(C(C)C)cn2)C1
797,Cc1c(F)cccc1C[NH+]1C[C@H](CO)[C@H](CN2CCC[NH+](C)CC2)C1,Cc1c(F)cccc1C[C@H]1C[C@H](C)C[C@H](CN2CCCC2)C1
798,CN1CC[NH+](C)C[C@H]1CN1CC(=O)NC1=O,CC[C@@H]1CCCC[C@@H]1CN1CC(=O)NC1=O
799,CC(=O)O[C@@H]1[C@@H](O)[C@H]2O[C@@H]3C=C(C)C(=O)[C@@H](O)[C@]3(CO)[C@]1(C)[C@@]21CO1,CC(=O)O[C@@H]1[C@@H](O)[C@H]2O[C@@H]3C=C(C)C(=O)[C@@H](c4ccc(Br)cc4)[C@]3(C)[C@]2(C)C1(C)C
